Row_ID;Order_ID;Order_Date;Ship_Date;Customer_ID;Customer_FirstName;Customer_LastName;Customer_Phone;Customer_Segment;Geo_PostalCode;Geo_City;Geo_State;Geo_Country;Geo_Region;Geo_Market;Store_Type;Store_ID;Store_Address;Store_phone;Store_City;Store_State;Store_Country;Product_ID;Category;Sub_Category;Product_Name;Product_Supplier;Sales;Quantity;Discount;Profit;Shipping Cost;Order_Priority;Cashier_ID;Cashier_FirstNname;Cashier_LastNname;Cashier_Email;Cashier_phone;Channel
1;ERP-0000001;31.12.2025;26.12.2025;KW-657086;Kelly;Williams;1-507-166-9679;Consumer;;Kenitra;Gharb-Chrarda-Béni Hssen;Morocco;North Africa;Africa;Mall;STORE-031;12 Main St;1-474-951-1828;Canberra;Australian Capital Territory;Australia;OFF-BI-2915;Office Supplies;Binders;Acco Hole Reinforcements, Recycled;BlueOcean Supply;$14,04;2;0;$7,02;2,04;Medium;EMP-2105;Preecha;Metharom;Preecha Metharom@store.com;1-377-354-6678;Offline
2;ERP-0000002;25.11.2025;21.11.2025;KW-657086;Kelly;Williams;1-507-166-9679;Consumer;;Kenitra;Gharb-Chrarda-Béni Hssen;Morocco;North Africa;Africa;Mall;STORE-265;45 Central Ave;1-653-523-4117;Delhi;Delhi;India;OFF-FA-6196;Office Supplies;Fasteners;Stockwell Push Pins, Metal;SkyWay Trading;$57,96;4;0;$0,48;9,43;Medium;EMP-8672;Lindiwe;Afolayan;Lindiwe Afolayan@store.com;1-885-734-9597;Offline
3;ERP-0000003;18.01.2026;10.01.2026;KW-657086;Kelly;Williams;1-507-166-9679;Consumer;;Kenitra;Gharb-Chrarda-Béni Hssen;Morocco;North Africa;Africa;Mall;STORE-064;89 Market Rd;1-469-583-3080;Ichikawa;Chiba;Japan;OFF-SU-4311;Office Supplies;Supplies;Fiskars Ruler, Easy Grip;EuroImport GmbH;$96,30;6;0;$31,68;4,94;Medium;EMP-9739;Lindiwe;Afolayan;Lindiwe Afolayan@store.com;1-663-383-7183;Offline
4;ERP-0000004;10.10.2024;03.10.2024;DG-330033;Deirdre;Greer;1-807-104-4806;Corporate;;Kinshasa;Kinshasa;Democratic Republic of the Congo;Central Africa;Africa;Street;STORE-143;102 River St;1-799-375-1395;Valenzuela;National Capital;Philippines;OFF-BI-2894;Office Supplies;Binders;Acco Binder Covers, Recycled;GlobalSupply Ltd;$109,44;8;0;$32,64;11,8;Medium;EMP-7980;Andile;Ihejirika;Andile Ihejirika@store.com;1-951-633-9056;Offline
5;ERP-0000005;09.12.2024;05.12.2024;DG-330033;Deirdre;Greer;1-807-104-4806;Corporate;;Kinshasa;Kinshasa;Democratic Republic of the Congo;Central Africa;Africa;Outlet;STORE-061;33 Oak Lane;1-454-330-2904;Harbin;Heilongjiang;China;OFF-EN-4903;Office Supplies;Envelopes;Jiffy Business Envelopes, Recycled;Pacific Traders;$36,72;2;0;$6,60;2,56;Medium;EMP-4750;Cansu;Peynirci;Cansu Peynirci@store.com;1-639-685-2788;Offline
6;ERP-0000006;06.11.2024;31.10.2024;DG-330033;Deirdre;Greer;1-807-104-4806;Corporate;;Kinshasa;Kinshasa;Democratic Republic of the Congo;Central Africa;Africa;Outlet;STORE-100;7 Sunset Blvd;1-363-963-3991;Bangalore;Karnataka;India;OFF-SU-2978;Office Supplies;Supplies;Acme Letter Opener, High Speed;EuroImport GmbH;$30,21;1;0;$2,10;4,12;Medium;EMP-7048;Lindiwe;Afolayan;Lindiwe Afolayan@store.com;1-640-654-2043;Offline
7;ERP-0000007;05.03.2023;27.02.2023;RB-95703;Rob;Beeghly;1-275-832-6991;Consumer;;Algiers;Alger;Algeria;North Africa;Africa;Mall;STORE-242;258 Willow Ln;1-965-509-1857;Bekasi;Jawa Barat;Indonesia;OFF-ST-6041;Office Supplies;Storage;Smead Folders, Wire Frame;AsiaTrade Group;$16,56;1;0;$0,99;3,79;High;EMP-1279;Nora;Cuijper;Nora Cuijper@store.com;1-791-776-3362;Offline
8;ERP-0000008;12.03.2023;06.03.2023;RB-95703;Rob;Beeghly;1-275-832-6991;Consumer;;Algiers;Alger;Algeria;North Africa;Africa;Mall;STORE-059;974 Maple Dr;1-696-991-6965;Jodhpur;Rajasthan;India;OFF-PA-4483;Office Supplies;Paper;Green Bar Parchment Paper, Premium;UrbanGoods Co;$33,36;2;0;$0,96;2,81;High;EMP-7861;Hadia;Bousaid;Hadia Bousaid@store.com;1-995-762-8732;Offline
9;ERP-0000009;24.01.2023;16.01.2023;RB-95703;Rob;Beeghly;1-275-832-6991;Consumer;;Algiers;Alger;Algeria;North Africa;Africa;Outlet;STORE-222;165 Maple Ct;1-347-952-2757;Ho Chi Minh City;Ho Chí Minh City;Vietnam;OFF-AP-4951;Office Supplies;Appliances;KitchenAid Blender, White;CrossBorder Supply;$199,20;2;0;$93,60;33,05;High;EMP-9484;Chandrakant;Chaudhri;Chandrakant Chaudhri@store.com;1-600-455-3655;Offline
10;ERP-0000010;09.01.2023;03.01.2023;RB-95703;Rob;Beeghly;1-275-832-6991;Consumer;;Algiers;Alger;Algeria;North Africa;Africa;Street;STORE-141;2 Park St;1-974-725-5869;Geelong;Victoria;Australia;OFF-FA-6198;Office Supplies;Fasteners;Stockwell Rubber Bands, Assorted Sizes;Pacific Traders;$13,59;1;0;$6,78;1,29;High;EMP-7488;Katlego;Akosua;Katlego Akosua@store.com;1-695-439-2165;Offline
11;ERP-0000011;10.02.2023;07.02.2023;GM-4680133;Greg;Matthias;1-307-871-6632;Consumer;;Tunis;Tunis;Tunisia;North Africa;Africa;Mall;STORE-161;275 View Pl;1-724-951-3327;Amravati;Maharashtra;India;OFF-AR-3454;Office Supplies;Art;BIC Highlighters, Water Color;TransGlobal Partners;$88,44;4;0;$15,84;14,79;High;EMP-6439;Angela;Jephson;Angela Jephson@store.com;1-881-574-1041;Offline
12;ERP-0000012;19.02.2023;10.02.2023;GM-4680133;Greg;Matthias;1-307-871-6632;Consumer;;Tunis;Tunis;Tunisia;North Africa;Africa;Street;STORE-019;905 Forest Blvd;1-695-488-1392;Ghent;East Flanders;Belgium;TEC-CO-6009;Technology;Copiers;Sharp Wireless Fax, Color;GlobalSupply Ltd;$357,36;1;0;$117,90;73,41;High;EMP-6315;Angela;Jephson;Angela Jephson@store.com;1-414-547-7542;Offline
13;ERP-0000013;08.04.2023;01.04.2023;GM-4680133;Greg;Matthias;1-307-871-6632;Consumer;;Tunis;Tunis;Tunisia;North Africa;Africa;Outlet;STORE-082;659 Brook St;1-406-433-2963;Naples;Campania;Italy;OFF-AR-5932;Office Supplies;Art;Sanford Sketch Pad, Fluorescent;SkyWay Trading;$46,74;1;0;$21,96;5,54;High;EMP-5703;Katlego;Akosua;Katlego Akosua@store.com;1-733-733-5766;Offline
14;ERP-0000014;30.01.2023;20.01.2023;GM-4680133;Greg;Matthias;1-307-871-6632;Consumer;;Tunis;Tunis;Tunisia;North Africa;Africa;Mall;STORE-194;930 Park St;1-706-143-4107;Saint-Laurent-du-Var;Provence-Alpes-Côte d'Azur;France;OFF-AR-3459;Office Supplies;Art;BIC Markers, Water Color;WorldConnect Trade;$29,61;1;0;$10,35;3,93;High;EMP-7303;Gilbert;Wolff;Gilbert Wolff@store.com;1-867-440-8056;Offline
15;ERP-0000015;06.09.2024;30.08.2024;LC-6960131;Lindsay;Castell;1-854-868-9496;Home Office;;Lome;Maritime;Togo;Western Africa;Africa;Street;STORE-123;402 South Ln;1-567-784-2977;Saint-Priest;Auvergne-Rhône-Alpes;France;OFF-AP-4957;Office Supplies;Appliances;KitchenAid Microwave, Red;GlobalSupply Ltd;$620,64;2;0;$43,44;134,39;Medium;EMP-9331;Hadia;Bousaid;Hadia Bousaid@store.com;1-856-620-8873;Offline
16;ERP-0000016;02.07.2025;24.06.2025;RM-937533;Raymond;Messe;1-720-707-8172;Consumer;;Kolwezi;Katanga;Democratic Republic of the Congo;Central Africa;Africa;Street;STORE-270;962 Hill Dr;1-347-182-2087;Altamura;Apulia;Italy;OFF-AR-5923;Office Supplies;Art;Sanford Pencil Sharpener, Water Color;PrimeSource Ltd;$58,02;2;0;$6,36;6,85;High;EMP-2587;Hadia;Bousaid;Hadia Bousaid@store.com;1-357-663-8258;Offline
17;ERP-0000017;18.06.2025;12.06.2025;RM-937533;Raymond;Messe;1-720-707-8172;Consumer;;Kolwezi;Katanga;Democratic Republic of the Congo;Central Africa;Africa;Street;STORE-168;151 Hill St;1-289-563-4044;Graz;Styria;Austria;OFF-EN-3667;Office Supplies;Envelopes;Cameo Mailers, Set of 50;WorldConnect Trade;$38,16;1;0;$17,91;9,49;High;EMP-7367;Lindiwe;Afolayan;Lindiwe Afolayan@store.com;1-888-699-4730;Offline
18;ERP-0000018;03.09.2024;24.08.2024;VS-11820117;Vivek;Sundaresam;1-576-373-2579;Consumer;;Johannesburg;Gauteng;South Africa;Southern Africa;Africa;Outlet;STORE-113;248 Pine Blvd;1-829-118-5267;Cologne;North Rhine-Westphalia;Germany;OFF-BI-3719;Office Supplies;Binders;Cardinal Binder Covers, Recycled;TransGlobal Partners;$12,36;1;0;$5,55;1,28;Medium;EMP-4062;Katlego;Akosua;Katlego Akosua@store.com;1-343-382-2354;Offline
19;ERP-0000019;19.08.2024;14.08.2024;VS-11820117;Vivek;Sundaresam;1-576-373-2579;Consumer;;Johannesburg;Gauteng;South Africa;Southern Africa;Africa;Mall;STORE-278;761 Maple Rd;1-460-666-7978;La Roche-sur-Yon;Pays de la Loire;France;OFF-BI-3722;Office Supplies;Binders;Cardinal Binder, Economy;AsiaTrade Group;$13,83;1;0;$5,10;1,62;Medium;EMP-8058;Miina;Nylund;Miina Nylund@store.com;1-972-824-8301;Offline
20;ERP-0000020;17.08.2025;11.08.2025;LC-688538;Lena;Creighton;1-379-139-4085;Consumer;;Alexandria;Al Iskandariyah;Egypt;North Africa;Africa;Mall;STORE-262;889 Park Ave;1-580-493-3438;Wiesbaden;Hesse;Germany;OFF-BI-4823;Office Supplies;Binders;Ibico Hole Reinforcements, Clear;SmartLogistics Ltd;$25,80;4;0;$9,96;5,63;Medium;EMP-5675;Miina;Nylund;Miina Nylund@store.com;1-459-538-4666;Offline
21;ERP-0000021;14.07.2025;04.07.2025;LC-688538;Lena;Creighton;1-379-139-4085;Consumer;;Alexandria;Al Iskandariyah;Egypt;North Africa;Africa;Mall;STORE-149;228 Hill Ln;1-387-402-1832;Castrop-Rauxel;North Rhine-Westphalia;Germany;OFF-SU-2990;Office Supplies;Supplies;Acme Scissors, Serrated;EuroImport GmbH;$177,12;8;0;$10,56;36,6;Medium;EMP-1677;Wasswa;Ahmed;Wasswa Ahmed@store.com;1-528-412-2816;Offline
22;ERP-0000022;24.08.2025;21.08.2025;LC-688538;Lena;Creighton;1-379-139-4085;Consumer;;Alexandria;Al Iskandariyah;Egypt;North Africa;Africa;Street;STORE-094;72 Hill Dr;1-384-985-6218;Noisy-le-Sec;Ile-de-France;France;OFF-AR-5903;Office Supplies;Art;Sanford Canvas, Easy-Erase;SkyWay Trading;$101,58;2;0;$13,20;9,8;Medium;EMP-5798;Flannery;Newton;Flannery Newton@store.com;1-550-291-8644;Offline
23;ERP-0000023;11.06.2025;06.06.2025;LC-688538;Lena;Creighton;1-379-139-4085;Consumer;;Alexandria;Al Iskandariyah;Egypt;North Africa;Africa;Outlet;STORE-205;922 Pine Ln;1-583-659-8551;Maisons-Laffitte;Ile-de-France;France;OFF-AR-3462;Office Supplies;Art;BIC Pencil Sharpener, Fluorescent;WorldConnect Trade;$121,08;4;0;$41,16;4,21;Medium;EMP-3930;Cansu;Peynirci;Cansu Peynirci@store.com;1-313-499-7970;Offline
24;ERP-0000024;15.04.2024;07.04.2024;BS-166538;Brian;Stugart;1-771-524-7726;Consumer;;Alexandria;Al Iskandariyah;Egypt;North Africa;Africa;Outlet;STORE-089;410 Cedar Ct;1-729-719-5626;Frontignan;Languedoc-Roussillon-Midi-Pyrénées;France;OFF-ST-5706;Office Supplies;Storage;Rogers Shelving, Industrial;NordicSupply AB;$62,61;1;0;$18,78;14,77;High;EMP-2111;Nora;Cuijper;Nora Cuijper@store.com;1-863-664-1759;Offline
25;ERP-0000025;24.11.2024;14.11.2024;DH-367577;Duane;Huffman;1-398-627-5757;Home Office;;Antananarivo;Analamanga;Madagascar;Eastern Africa;Africa;Outlet;STORE-048;892 Spring Rd;1-367-683-2501;Palermo;Sicily;Italy;TEC-MA-6148;Technology;Machines;StarTech Printer, Red;NordicSupply AB;$1 519,92;6;0;$653,40;286,2;Critical;EMP-6592;Oxana;Lagunov;Oxana Lagunov@store.com;1-738-102-4482;Offline
26;ERP-0000026;06.01.2025;29.12.2024;DH-367577;Duane;Huffman;1-398-627-5757;Home Office;;Antananarivo;Analamanga;Madagascar;Eastern Africa;Africa;Outlet;STORE-113;248 Pine Blvd;1-829-118-5267;Cologne;North Rhine-Westphalia;Germany;OFF-BI-6379;Office Supplies;Binders;Wilson Jones Binder, Durable;Universal Trade Co;$14,52;1;0;$0,57;5,32;Critical;EMP-4549;Flannery;Newton;Flannery Newton@store.com;1-542-587-5481;Offline
27;ERP-0000027;17.02.2023;10.02.2023;BS-1755122;Bruce;Stewart;1-492-526-6823;Consumer;;Khartoum;Khartoum;Sudan;North Africa;Africa;Street;STORE-148;897 South Rd;1-388-705-7940;Battipaglia;Campania;Italy;OFF-BI-3738;Office Supplies;Binders;Cardinal Index Tab, Durable;EuroImport GmbH;$7,62;1;0;$3,42;1,37;Medium;EMP-6505;Wasswa;Ahmed;Wasswa Ahmed@store.com;1-444-645-1091;Offline
28;ERP-0000028;31.01.2023;27.01.2023;BS-1755122;Bruce;Stewart;1-492-526-6823;Consumer;;Khartoum;Khartoum;Sudan;North Africa;Africa;Outlet;STORE-095;923 North St;1-559-398-6443;Antwerp;Antwerp;Belgium;TEC-PH-5360;Technology;Phones;Nokia Speaker Phone, with Caller ID;WorldConnect Trade;$246,30;2;0;$19,68;9,7;Medium;EMP-1307;Wasswa;Ahmed;Wasswa Ahmed@store.com;1-491-733-1595;Offline
29;ERP-0000029;03.02.2023;24.01.2023;BS-1755122;Bruce;Stewart;1-492-526-6823;Consumer;;Khartoum;Khartoum;Sudan;North Africa;Africa;Street;STORE-268;754 Maple Blvd;1-550-235-4931;Glasgow;Scotland;United Kingdom;TEC-PH-3818;Technology;Phones;Cisco Speaker Phone, with Caller ID;WorldConnect Trade;$138,48;1;0;$5,52;22,36;Medium;EMP-1193;Preecha;Metharom;Preecha Metharom@store.com;1-410-742-9742;Offline
30;ERP-0000030;22.11.2024;15.11.2024;MF-7665117;Maureen;Fritzler;1-562-654-5506;Corporate;;Pretoria;Gauteng;South Africa;Southern Africa;Africa;Outlet;STORE-222;165 Maple Ct;1-347-952-2757;Ho Chi Minh City;Ho Chí Minh City;Vietnam;OFF-AR-5923;Office Supplies;Art;Sanford Pencil Sharpener, Water Color;PrimeSource Ltd;$29,01;1;0;$3,18;2,69;High;EMP-3942;Andile;Ihejirika;Andile Ihejirika@store.com;1-396-936-4326;Offline
31;ERP-0000031;02.07.2023;26.06.2023;MR-754522;Mathew;Reese;1-492-269-5781;Home Office;;Yaounde;Centre;Cameroon;Central Africa;Africa;Mall;STORE-214;592 View Dr;1-915-410-2300;Dudley;England;United Kingdom;TEC-AC-5123;Technology;Accessories;Logitech Memory Card, Programmable;GlobalSupply Ltd;$209,76;2;0;$85,98;39,45;High;EMP-5852;Andile;Ihejirika;Andile Ihejirika@store.com;1-349-496-4320;Offline
32;ERP-0000032;22.06.2023;13.06.2023;MR-754522;Mathew;Reese;1-492-269-5781;Home Office;;Yaounde;Centre;Cameroon;Central Africa;Africa;Street;STORE-055;58 Pine Pl;1-760-970-3569;Nantes;Pays de la Loire;France;OFF-BI-3738;Office Supplies;Binders;Cardinal Index Tab, Durable;EuroImport GmbH;$30,48;4;0;$13,68;5,82;High;EMP-6613;Miina;Nylund;Miina Nylund@store.com;1-627-535-7401;Offline
33;ERP-0000033;04.07.2022;26.06.2022;JF-5415117;Jennifer;Ferguson;1-933-151-4548;Consumer;;Vryburg;North-West;South Africa;Southern Africa;Africa;Mall;STORE-125;966 Hill Blvd;1-233-325-5777;Mitry-Mory;Ile-de-France;France;OFF-LA-6035;Office Supplies;Labels;Smead File Folder Labels, Adjustable;SkyWay Trading;$13,56;2;0;$0,78;2,09;High;EMP-6113;Cansu;Peynirci;Cansu Peynirci@store.com;1-768-380-2954;Offline
34;ERP-0000034;31.08.2022;28.08.2022;JF-5415117;Jennifer;Ferguson;1-933-151-4548;Consumer;;Vryburg;North-West;South Africa;Southern Africa;Africa;Mall;STORE-083;387 Spring Ln;1-272-794-3314;Barcelona;Catalonia;Spain;OFF-PA-4470;Office Supplies;Paper;Green Bar Memo Slips, 8.5 x 11;AsiaTrade Group;$42,18;2;0;$20,64;3,11;High;EMP-2531;Marilène;Rousseau;Marilène Rousseau@store.com;1-237-828-2062;Offline
35;ERP-0000035;29.07.2022;28.07.2022;JF-5415117;Jennifer;Ferguson;1-933-151-4548;Consumer;;Vryburg;North-West;South Africa;Southern Africa;Africa;Street;STORE-073;720 Park Rd;1-364-504-8850;Borken;North Rhine-Westphalia;Germany;TEC-MA-6140;Technology;Machines;StarTech Inkjet, Durable;NordicSupply AB;$300,18;1;0;$33,00;71,41;High;EMP-9525;Lindiwe;Afolayan;Lindiwe Afolayan@store.com;1-823-648-2423;Offline
36;ERP-0000036;04.06.2025;26.05.2025;SP-1092095;Susan;Pistek;1-206-489-6099;Consumer;;Lagos;Lagos;Nigeria;Western Africa;Africa;Street;STORE-193;840 Forest Ave;1-330-123-1421;Longjumeau;Ile-de-France;France;OFF-BI-4807;Office Supplies;Binders;Ibico Binder Covers, Clear;SkyWay Trading;$3,93;1;0,7;-$8,28;1,44;Medium;EMP-7102;Preecha;Metharom;Preecha Metharom@store.com;1-755-389-1674;Offline
37;ERP-0000037;30.08.2025;21.08.2025;SP-1092095;Susan;Pistek;1-206-489-6099;Consumer;;Lagos;Lagos;Nigeria;Western Africa;Africa;Mall;STORE-066;883 Spring St;1-443-722-5623;Aberdeen;Scotland;United Kingdom;OFF-ST-4055;Office Supplies;Storage;Eldon File Cart, Blue;EuroImport GmbH;$76,18;2;0,7;-$172,70;9,19;Medium;EMP-3084;Nora;Cuijper;Nora Cuijper@store.com;1-295-430-4472;Offline
38;ERP-0000038;14.07.2025;10.07.2025;SP-1092095;Susan;Pistek;1-206-489-6099;Consumer;;Lagos;Lagos;Nigeria;Western Africa;Africa;Outlet;STORE-058;825 Spring Ct;1-831-980-9728;Alicante;Valenciana;Spain;TEC-CO-4777;Technology;Copiers;HP Ink, Color;EastBridge Commerce;$39,04;1;0,7;-$57,29;7,7;Medium;EMP-2522;Dolores;Davis;Dolores Davis@store.com;1-342-372-4554;Offline
39;ERP-0000039;19.09.2024;11.09.2024;KH-669086;Kristen;Hastings;1-605-687-6058;Corporate;;Marrakech;Marrakech-Tensift-El Haouz;Morocco;North Africa;Africa;Outlet;STORE-103;660 Maple Blvd;1-760-364-3406;Chittagong;Chittagong;Bangladesh;OFF-PA-3989;Office Supplies;Paper;Eaton Cards & Envelopes, Recycled;Universal Trade Co;$270,54;6;0;$135,18;47,26;Medium;EMP-7316;Chandrakant;Chaudhri;Chandrakant Chaudhri@store.com;1-606-344-3916;Offline
40;ERP-0000040;11.09.2025;04.09.2025;MP-817574;Mike;Pelletier;1-688-449-2674;Home Office;;Benghazi;Banghazi;Libya;North Africa;Africa;Street;STORE-179;712 Park Rd;1-818-424-8587;Lahore;Punjab;Pakistan;OFF-FA-6205;Office Supplies;Fasteners;Stockwell Thumb Tacks, 12 Pack;Pacific Traders;$12,96;1;0;$5,82;1,96;Medium;EMP-3529;Kaoru;Xun;Kaoru Xun@store.com;1-301-312-1934;Offline
41;ERP-0000041;02.02.2024;30.01.2024;EB-397533;Erica;Bern;1-622-767-7873;Corporate;;Kinshasa;Kinshasa;Democratic Republic of the Congo;Central Africa;Africa;Mall;STORE-153;637 Lake Blvd;1-234-666-5713;Qingdao;Shandong;China;TEC-MA-5018;Technology;Machines;Konica Receipt Printer, Durable;Atlantic Logistics;$122,37;1;0;$35,46;19,81;Medium;EMP-7224;Wasswa;Ahmed;Wasswa Ahmed@store.com;1-580-522-9842;Offline
42;ERP-0000042;25.11.2024;19.11.2024;AJ-96022;Astrea;Jones;1-852-242-2540;Consumer;;Garoua;Nord;Cameroon;Central Africa;Africa;Mall;STORE-162;872 Cedar St;1-292-617-5563;Chenzhou;Hunan;China;TEC-PH-3796;Technology;Phones;Cisco Office Telephone, Cordless;Atlantic Logistics;$166,62;2;0;$34,98;49,11;Critical;EMP-3075;Katlego;Akosua;Katlego Akosua@store.com;1-502-909-9723;Offline
43;ERP-0000043;27.12.2024;18.12.2024;AJ-96022;Astrea;Jones;1-852-242-2540;Consumer;;Garoua;Nord;Cameroon;Central Africa;Africa;Street;STORE-243;228 Hill Ct;1-243-191-4086;Hangu;Tianjin;China;TEC-PH-3799;Technology;Phones;Cisco Office Telephone, with Caller ID;EastBridge Commerce;$80,46;1;0;$10,44;19,16;Critical;EMP-1059;Vasco;Magalhães;Vasco Magalhães@store.com;1-217-176-5864;Offline
44;ERP-0000044;19.05.2025;17.05.2025;RS-9420117;Ricardo;Sperren;1-683-638-9597;Corporate;;Boksburg;Gauteng;South Africa;Southern Africa;Africa;Mall;STORE-144;797 Forest Pl;1-899-961-7933;Gold Coast;Queensland;Australia;TEC-AC-5127;Technology;Accessories;Logitech Mouse, Erganomic;Atlantic Logistics;$27,09;1;0;$6,21;3,27;High;EMP-7460;Preecha;Metharom;Preecha Metharom@store.com;1-474-645-7661;Offline
45;ERP-0000045;10.06.2025;03.06.2025;RS-9420117;Ricardo;Sperren;1-683-638-9597;Corporate;;Boksburg;Gauteng;South Africa;Southern Africa;Africa;Outlet;STORE-130;783 Willow Ct;1-580-525-4939;Bandung;Jawa Barat;Indonesia;OFF-BI-4828;Office Supplies;Binders;Ibico Index Tab, Clear;WestLine Imports;$8,37;1;0;$3,09;1,15;High;EMP-2069;Angela;Jephson;Angela Jephson@store.com;1-387-706-4711;Offline
46;ERP-0000046;30.07.2025;26.07.2025;MY-8295117;Muhammed;Yedwab;1-341-309-9563;Corporate;;George;Western Cape;South Africa;Southern Africa;Africa;Street;STORE-015;234 Maple Blvd;1-837-454-9199;Zigong;Sichuan;China;OFF-BI-6382;Office Supplies;Binders;Wilson Jones Binding Machine, Clear;AsiaTrade Group;$290,52;6;0;$87,12;56,16;High;EMP-3003;Oxana;Lagunov;Oxana Lagunov@store.com;1-844-816-5927;Offline
47;ERP-0000047;10.08.2025;01.08.2025;MY-8295117;Muhammed;Yedwab;1-341-309-9563;Corporate;;George;Western Cape;South Africa;Southern Africa;Africa;Street;STORE-015;234 Maple Blvd;1-837-454-9199;Zigong;Sichuan;China;OFF-ST-5711;Office Supplies;Storage;Rogers Trays, Single Width;SkyWay Trading;$61,71;1;0;$4,29;6,92;High;EMP-3850;Nicodemo;Bautista;Nicodemo Bautista@store.com;1-613-412-6864;Offline
48;ERP-0000048;22.10.2022;12.10.2022;KH-6690117;Kristen;Hastings;1-605-687-6058;Corporate;;eMbalenhle;Mpumalanga;South Africa;Southern Africa;Africa;Outlet;STORE-142;756 Park Rd;1-409-558-9048;Armidale;New South Wales;Australia;OFF-FA-2956;Office Supplies;Fasteners;Accos Staples, Assorted Sizes;GlobalSupply Ltd;$16,80;2;0;$6,54;2,45;Medium;EMP-4033;Nicodemo;Bautista;Nicodemo Bautista@store.com;1-511-711-6041;Offline
49;ERP-0000049;11.10.2022;04.10.2022;KH-6690117;Kristen;Hastings;1-605-687-6058;Corporate;;eMbalenhle;Mpumalanga;South Africa;Southern Africa;Africa;Outlet;STORE-198;599 View Ln;1-477-288-5321;Agra;Uttar Pradesh;India;OFF-SU-4308;Office Supplies;Supplies;Fiskars Letter Opener, Easy Grip;SkyWay Trading;$59,10;2;0;$7,08;6,94;Medium;EMP-4211;Lynne;Marchand;Lynne Marchand@store.com;1-610-221-2501;Offline
50;ERP-0000050;14.02.2023;12.02.2023;KB-660095;Ken;Brennan;1-749-441-2456;Corporate;;Enugu;Enugu;Nigeria;Western Africa;Africa;Outlet;STORE-164;969 Willow Ct;1-920-612-4019;Jamshedpur;Jharkhand;India;OFF-ST-4263;Office Supplies;Storage;Fellowes Folders, Single Width;AsiaTrade Group;$15,86;2;0,7;-$15,34;3,84;Critical;EMP-2781;Vasco;Magalhães;Vasco Magalhães@store.com;1-350-709-7567;Offline
51;ERP-0000051;20.09.2023;18.09.2023;GP-474089;Guy;Phonely;1-556-624-3143;Corporate;;Windhoek;Khomas;Namibia;Southern Africa;Africa;Street;STORE-297;175 Pine Rd;1-920-167-6541;Bhavnagar;Gujarat;India;OFF-BI-4817;Office Supplies;Binders;Ibico Binding Machine, Economy;TransGlobal Partners;$102,84;2;0;$9,24;17,39;High;EMP-5570;Dolores;Davis;Dolores Davis@store.com;1-340-773-1189;Offline
52;ERP-0000052;21.09.2022;11.09.2022;MC-760569;Matt;Connell;1-910-823-613;Corporate;;Nairobi;Nairobi;Kenya;Eastern Africa;Africa;Mall;STORE-296;343 Brook St;1-639-251-8312;Linyi;Shandong;China;OFF-FA-6184;Office Supplies;Fasteners;Stockwell Clamps, 12 Pack;NordicSupply AB;$18,27;1;0;$3,63;3,22;Medium;EMP-6370;Wasswa;Ahmed;Wasswa Ahmed@store.com;1-631-914-3148;Offline
53;ERP-0000053;25.09.2024;21.09.2024;CM-181586;Candace;McMahon;1-265-297-8013;Corporate;;Fes;Fès-Boulemane;Morocco;North Africa;Africa;Outlet;STORE-205;922 Pine Ln;1-583-659-8551;Maisons-Laffitte;Ile-de-France;France;OFF-FA-3044;Office Supplies;Fasteners;Advantus Paper Clips, Assorted Sizes;GlobalSupply Ltd;$13,95;1;0;$6,39;3,25;Medium;EMP-5455;Hadia;Bousaid;Hadia Bousaid@store.com;1-582-563-4434;Offline
54;ERP-0000054;19.08.2024;16.08.2024;CM-181586;Candace;McMahon;1-265-297-8013;Corporate;;Fes;Fès-Boulemane;Morocco;North Africa;Africa;Mall;STORE-239;685 Forest Rd;1-260-831-7052;Baguio City;Cordillera;Philippines;OFF-SU-2980;Office Supplies;Supplies;Acme Letter Opener, Steel;CrossBorder Supply;$118,44;4;0;$48,48;19,47;Medium;EMP-9734;Lon;Bonher;Lon Bonher@store.com;1-782-833-2246;Offline
55;ERP-0000055;17.03.2023;10.03.2023;MO-7800117;Meg;O'Connel;1-543-486-8835;Home Office;;Pretoria;Gauteng;South Africa;Southern Africa;Africa;Outlet;STORE-044;795 Willow St;1-696-803-4292;Kuantan;Pahang;Malaysia;OFF-BI-3255;Office Supplies;Binders;Avery Binding Machine, Clear;InnovaSupply;$96,60;2;0;$11,58;9,87;Critical;EMP-2413;Nicodemo;Bautista;Nicodemo Bautista@store.com;1-844-930-9962;Offline
56;ERP-0000056;03.11.2022;28.10.2022;HM-4860111;Harry;Marie;1-754-892-1208;Corporate;;Dakar;Dakar;Senegal;Western Africa;Africa;Outlet;STORE-114;220 Lake Blvd;1-628-144-9343;Fuzhou;Fujian;China;OFF-ST-6248;Office Supplies;Storage;Tenex File Cart, Single Width;NordicSupply AB;$134,61;1;0;$63,24;23,83;Critical;EMP-2645;Preecha;Metharom;Preecha Metharom@store.com;1-868-892-5076;Offline
57;ERP-0000057;17.09.2022;15.09.2022;RB-936038;Raymond;Buch;1-587-239-1613;Consumer;;Al Minya;Al Minya;Egypt;North Africa;Africa;Mall;STORE-287;631 High Blvd;1-946-989-7196;Suzhou;Anhui;China;OFF-EN-5027;Office Supplies;Envelopes;Kraft Clasp Envelope, Set of 50;WorldConnect Trade;$36,00;4;0;$0,00;6,8;High;EMP-3749;Nicodemo;Bautista;Nicodemo Bautista@store.com;1-502-967-3381;Offline
58;ERP-0000058;11.07.2025;01.07.2025;GM-469538;Greg;Maxwell;1-420-617-1653;Corporate;;Cairo;Al Qahirah;Egypt;North Africa;Africa;Outlet;STORE-186;116 Maple Ct;1-689-824-1074;Denpasar;Bali;Indonesia;FUR-FU-3023;Furniture;Furnishings;Advantus Clock, Black;UrbanGoods Co;$51,39;1;0;$14,88;5,88;High;EMP-7225;Marilène;Rousseau;Marilène Rousseau@store.com;1-925-168-2835;Offline
59;ERP-0000059;19.04.2025;15.04.2025;GM-469538;Greg;Maxwell;1-420-617-1653;Corporate;;Cairo;Al Qahirah;Egypt;North Africa;Africa;Mall;STORE-262;889 Park Ave;1-580-493-3438;Wiesbaden;Hesse;Germany;OFF-ST-6033;Office Supplies;Storage;Smead File Cart, Single Width;Atlantic Logistics;$128,88;1;0;$9,00;28,88;High;EMP-8669;Chandrakant;Chaudhri;Chandrakant Chaudhri@store.com;1-940-173-2008;Offline
60;ERP-0000060;17.09.2025;14.09.2025;ST-1053038;Shui;Tom;1-700-270-6940;Consumer;;Cairo;Al Qahirah;Egypt;North Africa;Africa;Mall;STORE-225;617 Park Ln;1-785-180-4473;Allahabad;Uttar Pradesh;India;OFF-SU-4993;Office Supplies;Supplies;Kleencut Trimmer, Easy Grip;CrossBorder Supply;$172,20;4;0;$41,28;43,57;Critical;EMP-8387;Gavino;Bove;Gavino Bove@store.com;1-891-499-7763;Offline
61;ERP-0000061;22.07.2025;21.07.2025;ST-1053038;Shui;Tom;1-700-270-6940;Consumer;;Cairo;Al Qahirah;Egypt;North Africa;Africa;Mall;STORE-084;127 Brook Ln;1-850-732-3002;Adelaide;South Australia;Australia;FUR-FU-4066;Furniture;Furnishings;Eldon Frame, Durable;EastBridge Commerce;$113,28;1;0;$29,43;39,1;Critical;EMP-4669;Miina;Nylund;Miina Nylund@store.com;1-560-804-1534;Offline
62;ERP-0000062;14.08.2025;10.08.2025;ST-1053038;Shui;Tom;1-700-270-6940;Consumer;;Cairo;Al Qahirah;Egypt;North Africa;Africa;Outlet;STORE-277;937 Pine Pl;1-412-508-6326;Newcastle;New South Wales;Australia;OFF-AR-5919;Office Supplies;Art;Sanford Markers, Fluorescent;GreenField Distributors;$49,02;2;0;$19,56;12,35;Critical;EMP-6771;Lindiwe;Afolayan;Lindiwe Afolayan@store.com;1-577-577-3442;Offline
63;ERP-0000063;12.12.2023;02.12.2023;KL-655538;Kelly;Lampkin;1-670-476-6031;Corporate;;Hurghada;Al Bahr Al Ahmar;Egypt;North Africa;Africa;Street;STORE-258;39 View St;1-625-204-3216;Islamabad;F.C.T.;Pakistan;OFF-AR-5925;Office Supplies;Art;Sanford Pens, Easy-Erase;WorldConnect Trade;$11,37;1;0;$2,61;1,96;High;EMP-3980;Kaoru;Xun;Kaoru Xun@store.com;1-982-929-6722;Offline
64;ERP-0000064;10.02.2024;05.02.2024;KL-655538;Kelly;Lampkin;1-670-476-6031;Corporate;;Hurghada;Al Bahr Al Ahmar;Egypt;North Africa;Africa;Outlet;STORE-181;391 Pine Blvd;1-602-973-2500;Xining;Qinghai;China;OFF-AR-3539;Office Supplies;Art;Boston Markers, Fluorescent;WestLine Imports;$27,63;1;0;$4,14;4,79;High;EMP-3151;Wasswa;Ahmed;Wasswa Ahmed@store.com;1-833-749-1655;Offline
65;ERP-0000065;05.01.2024;02.01.2024;KL-655538;Kelly;Lampkin;1-670-476-6031;Corporate;;Hurghada;Al Bahr Al Ahmar;Egypt;North Africa;Africa;Outlet;STORE-075;641 High St;1-419-282-6051;Bunbury;Western Australia;Australia;TEC-AC-5130;Technology;Accessories;Logitech Numeric Keypad, Bluetooth;NordicSupply AB;$46,32;1;0;$6,93;7,02;High;EMP-2096;Preecha;Metharom;Preecha Metharom@store.com;1-258-203-7163;Offline
66;ERP-0000066;05.03.2024;01.03.2024;KL-655538;Kelly;Lampkin;1-670-476-6031;Corporate;;Hurghada;Al Bahr Al Ahmar;Egypt;North Africa;Africa;Street;STORE-297;175 Pine Rd;1-920-167-6541;Bhavnagar;Gujarat;India;TEC-CO-4582;Technology;Copiers;Hewlett Ink, Laser;UrbanGoods Co;$892,08;6;0;$106,92;132,4;High;EMP-1344;Nora;Cuijper;Nora Cuijper@store.com;1-418-454-1906;Offline
67;ERP-0000067;10.02.2024;31.01.2024;KL-655538;Kelly;Lampkin;1-670-476-6031;Corporate;;Hurghada;Al Bahr Al Ahmar;Egypt;North Africa;Africa;Mall;STORE-062;717 Hill St;1-711-307-4848;Yunyang;Henan;China;OFF-ST-4106;Office Supplies;Storage;Eldon Trays, Industrial;EastBridge Commerce;$48,45;1;0;$22,77;8,62;High;EMP-5129;Preecha;Metharom;Preecha Metharom@store.com;1-359-450-9518;Offline
68;ERP-0000068;17.12.2023;16.12.2023;KL-655538;Kelly;Lampkin;1-670-476-6031;Corporate;;Hurghada;Al Bahr Al Ahmar;Egypt;North Africa;Africa;Street;STORE-235;590 View Rd;1-712-645-2940;Bangkok;Bangkok;Thailand;OFF-BI-6371;Office Supplies;Binders;Wilson Jones 3-Hole Punch, Economy;WestLine Imports;$27,99;1;0;$9,21;3,32;High;EMP-8163;Flannery;Newton;Flannery Newton@store.com;1-468-753-6205;Offline
69;ERP-0000069;25.12.2023;17.12.2023;KL-655538;Kelly;Lampkin;1-670-476-6031;Corporate;;Hurghada;Al Bahr Al Ahmar;Egypt;North Africa;Africa;Mall;STORE-152;512 South Dr;1-441-494-6338;Yichun;Heilongjiang;China;OFF-LA-4553;Office Supplies;Labels;Harbour Creations Shipping Labels, Adjustable;Universal Trade Co;$37,44;4;0;$0,00;6,45;High;EMP-9200;Hadia;Bousaid;Hadia Bousaid@store.com;1-831-200-3844;Offline
70;ERP-0000070;10.12.2023;03.12.2023;KL-655538;Kelly;Lampkin;1-670-476-6031;Corporate;;Hurghada;Al Bahr Al Ahmar;Egypt;North Africa;Africa;Mall;STORE-145;875 Willow Ct;1-934-190-1690;Lianyuan;Hunan;China;OFF-ST-6057;Office Supplies;Storage;Smead Shelving, Blue;Atlantic Logistics;$97,86;2;0;$29,34;16,64;High;EMP-4474;Lindiwe;Afolayan;Lindiwe Afolayan@store.com;1-209-974-9419;Offline
71;ERP-0000071;06.01.2025;02.01.2025;AJ-78095;Anthony;Jacobs;1-218-18-3579;Corporate;;Lagos;Lagos;Nigeria;Western Africa;Africa;Mall;STORE-276;967 High Ct;1-742-514-6481;Chifeng;Inner Mongolia;China;TEC-PH-3805;Technology;Phones;Cisco Smart Phone, Cordless;SilkRoad Exports;$195,44;1;0,7;-$195,46;52,16;Critical;EMP-9758;Katlego;Akosua;Katlego Akosua@store.com;1-320-775-1170;Offline
72;ERP-0000072;14.02.2026;13.02.2026;TC-11295117;Toby;Carlisle;1-660-646-7228;Consumer;;Newcastle;Kwazulu-natal;South Africa;Southern Africa;Africa;Mall;STORE-064;89 Market Rd;1-469-583-3080;Ichikawa;Chiba;Japan;OFF-EN-4441;Office Supplies;Envelopes;GlobeWeis Interoffice Envelope, Set of 50;BlueOcean Supply;$47,82;1;0;$10,98;5,33;Medium;EMP-4021;Kaoru;Xun;Kaoru Xun@store.com;1-617-842-2674;Offline
73;ERP-0000073;25.07.2022;22.07.2022;CS-2460147;Chuck;Sachs;1-883-336-2027;Consumer;;Bulawayo;Bulawayo;Zimbabwe;Eastern Africa;Africa;Outlet;STORE-199;392 View Dr;1-354-742-5026;Surabaya;Jawa Timur;Indonesia;OFF-AR-5905;Office Supplies;Art;Sanford Canvas, Water Color;SilkRoad Exports;$32,22;2;0,7;-$75,18;2;Medium;EMP-9364;Dolores;Davis;Dolores Davis@store.com;1-815-714-3320;Offline
74;ERP-0000074;14.08.2022;12.08.2022;CS-2460147;Chuck;Sachs;1-883-336-2027;Consumer;;Bulawayo;Bulawayo;Zimbabwe;Eastern Africa;Africa;Mall;STORE-245;806 Lake Dr;1-446-552-5929;Fatehpur;Rajasthan;India;OFF-PA-5849;Office Supplies;Paper;SanDisk Cards & Envelopes, Premium;UrbanGoods Co;$29,05;2;0,7;-$31,01;2,25;Medium;EMP-3308;Hadia;Bousaid;Hadia Bousaid@store.com;1-987-730-3324;Offline
75;ERP-0000075;17.05.2022;09.05.2022;CS-2460147;Chuck;Sachs;1-883-336-2027;Consumer;;Bulawayo;Bulawayo;Zimbabwe;Eastern Africa;Africa;Street;STORE-102;701 Spring Ave;1-732-767-5968;Wenzhou;Zhejiang;China;OFF-EN-4910;Office Supplies;Envelopes;Jiffy Interoffice Envelope, Recycled;PrimeSource Ltd;$13,57;1;0,7;-$19,46;1,71;Medium;EMP-5092;Hadia;Bousaid;Hadia Bousaid@store.com;1-384-960-2426;Offline
76;ERP-0000076;03.06.2022;02.06.2022;CS-2460147;Chuck;Sachs;1-883-336-2027;Consumer;;Bulawayo;Bulawayo;Zimbabwe;Eastern Africa;Africa;Mall;STORE-208;6 Garden Pl;1-450-896-7718;Thane;Maharashtra;India;OFF-ST-5705;Office Supplies;Storage;Rogers Shelving, Blue;Universal Trade Co;$18,64;1;0,7;-$40,40;1,58;Medium;EMP-4477;Lynne;Marchand;Lynne Marchand@store.com;1-750-118-7401;Offline
77;ERP-0000077;29.10.2025;27.10.2025;MH-744049;Mark;Haberlin;1-889-799-537;Corporate;;Accra;Greater Accra;Ghana;Western Africa;Africa;Outlet;STORE-027;504 High Rd;1-727-576-8923;Surakarta;Jawa Tengah;Indonesia;OFF-FA-6196;Office Supplies;Fasteners;Stockwell Push Pins, Metal;SkyWay Trading;$14,49;1;0;$0,12;3,28;Medium;EMP-7552;Lindiwe;Afolayan;Lindiwe Afolayan@store.com;1-963-791-8000;Offline
78;ERP-0000078;12.11.2022;03.11.2022;CS-225074;Chris;Selesnick;1-820-904-6697;Corporate;;Benghazi;Banghazi;Libya;North Africa;Africa;Outlet;STORE-210;562 North Ave;1-961-801-3091;Bogor;Jawa Barat;Indonesia;OFF-PA-4182;Office Supplies;Paper;Enermax Parchment Paper, Multicolor;PrimeSource Ltd;$16,80;1;0;$5,04;1,61;High;EMP-3226;Lindiwe;Afolayan;Lindiwe Afolayan@store.com;1-866-687-5256;Offline
79;ERP-0000079;28.11.2022;22.11.2022;CS-225074;Chris;Selesnick;1-820-904-6697;Corporate;;Benghazi;Banghazi;Libya;North Africa;Africa;Street;STORE-226;794 Pine Dr;1-322-347-6949;Murray Bridge;South Australia;Australia;OFF-BI-6377;Office Supplies;Binders;Wilson Jones Binder Covers, Recycled;InnovaSupply;$161,70;14;0;$38,64;39,54;High;EMP-3794;Nora;Cuijper;Nora Cuijper@store.com;1-281-486-1228;Offline
80;ERP-0000080;28.10.2025;27.10.2025;DJ-342033;Denny;Joy;1-625-514-2005;Corporate;;Kinshasa;Kinshasa;Democratic Republic of the Congo;Central Africa;Africa;Outlet;STORE-220;714 Willow Ct;1-785-577-6227;Guangzhou;Guangdong;China;OFF-ST-4267;Office Supplies;Storage;Fellowes Lockers, Industrial;WestLine Imports;$207,81;1;0;$91,41;37,65;Medium;EMP-9697;Vasco;Magalhães;Vasco Magalhães@store.com;1-912-435-8097;Offline
81;ERP-0000081;07.08.2022;31.07.2022;AG-52595;Andy;Gerbode;1-964-174-8283;Corporate;;Kano;Kano;Nigeria;Western Africa;Africa;Outlet;STORE-029;776 Willow Dr;1-553-576-4100;Vadodara;Gujarat;India;OFF-ST-4107;Office Supplies;Storage;Eldon Trays, Single Width;SilkRoad Exports;$14,40;1;0,7;-$17,76;2,28;High;EMP-8778;Lindiwe;Afolayan;Lindiwe Afolayan@store.com;1-604-937-6849;Offline
82;ERP-0000082;24.06.2022;21.06.2022;AG-52595;Andy;Gerbode;1-964-174-8283;Corporate;;Kano;Kano;Nigeria;Western Africa;Africa;Street;STORE-012;459 Hill Pl;1-751-886-1940;Ajmer;Rajasthan;India;TEC-MA-5511;Technology;Machines;Okidata Printer, Red;GreenField Distributors;$79,70;1;0,7;-$183,32;17,6;High;EMP-9820;Preecha;Metharom;Preecha Metharom@store.com;1-279-574-7934;Offline
83;ERP-0000083;26.07.2022;22.07.2022;AG-52595;Andy;Gerbode;1-964-174-8283;Corporate;;Kano;Kano;Nigeria;Western Africa;Africa;Mall;STORE-161;275 View Pl;1-724-951-3327;Amravati;Maharashtra;India;FUR-FU-4041;Furniture;Furnishings;Eldon Door Stop, Duo Pack;BlueOcean Supply;$30,13;2;0,7;-$39,23;6,4;High;EMP-1662;Gavino;Bove;Gavino Bove@store.com;1-327-772-4619;Offline
84;ERP-0000084;24.07.2022;16.07.2022;AG-52595;Andy;Gerbode;1-964-174-8283;Corporate;;Kano;Kano;Nigeria;Western Africa;Africa;Street;STORE-018;468 South Pl;1-595-896-6991;Banda Aceh;Aceh;Indonesia;OFF-ST-5688;Office Supplies;Storage;Rogers Box, Single Width;InnovaSupply;$7,20;1;0,7;-$13,92;2,24;High;EMP-8112;Oxana;Lagunov;Oxana Lagunov@store.com;1-942-529-3421;Offline
85;ERP-0000085;26.02.2026;24.02.2026;VM-1168522;Valerie;Mitchum;1-752-603-7043;Home Office;;Yaounde;Centre;Cameroon;Central Africa;Africa;Street;STORE-243;228 Hill Ct;1-243-191-4086;Hangu;Tianjin;China;FUR-FU-3949;Furniture;Furnishings;Deflect-O Light Bulb, Erganomic;Pacific Traders;$35,22;2;0;$17,58;3,76;High;EMP-6721;Kauri;Anaru;Kauri Anaru@store.com;1-545-137-6924;Offline
86;ERP-0000086;27.08.2023;19.08.2023;JH-543033;Jennifer;Halladay;1-843-536-6288;Consumer;;Kinshasa;Kinshasa;Democratic Republic of the Congo;Central Africa;Africa;Street;STORE-110;352 Park Pl;1-238-834-1291;Panihati;West Bengal;India;TEC-AC-4174;Technology;Accessories;Enermax Mouse, USB;BlueOcean Supply;$40,50;1;0;$4,86;6,57;High;EMP-5641;Nicodemo;Bautista;Nicodemo Bautista@store.com;1-877-514-5878;Offline
87;ERP-0000087;01.06.2023;25.05.2023;JH-543033;Jennifer;Halladay;1-843-536-6288;Consumer;;Kinshasa;Kinshasa;Democratic Republic of the Congo;Central Africa;Africa;Mall;STORE-066;883 Spring St;1-443-722-5623;Aberdeen;Scotland;United Kingdom;OFF-SU-4979;Office Supplies;Supplies;Kleencut Letter Opener, High Speed;SilkRoad Exports;$26,46;1;0;$9,24;1,89;High;EMP-2083;Dolores;Davis;Dolores Davis@store.com;1-228-560-3088;Offline
88;ERP-0000088;05.07.2023;30.06.2023;JH-543033;Jennifer;Halladay;1-843-536-6288;Consumer;;Kinshasa;Kinshasa;Democratic Republic of the Congo;Central Africa;Africa;Outlet;STORE-275;48 Pine St;1-494-521-1987;Bengbu;Anhui;China;FUR-CH-5752;Furniture;Chairs;SAFCO Bag Chairs, Red;Universal Trade Co;$197,76;4;0;$13,80;18,07;High;EMP-6817;Gavino;Bove;Gavino Bove@store.com;1-674-111-1931;Offline
89;ERP-0000089;15.06.2023;11.06.2023;JH-543033;Jennifer;Halladay;1-843-536-6288;Consumer;;Kinshasa;Kinshasa;Democratic Republic of the Congo;Central Africa;Africa;Mall;STORE-013;961 Forest Pl;1-700-913-5120;Townsville;Queensland;Australia;OFF-AR-3483;Office Supplies;Art;Binney & Smith Highlighters, Fluorescent;SilkRoad Exports;$107,10;6;0;$8,46;18,81;High;EMP-1599;Nicodemo;Bautista;Nicodemo Bautista@store.com;1-251-220-6718;Offline
90;ERP-0000090;23.08.2023;13.08.2023;JH-543033;Jennifer;Halladay;1-843-536-6288;Consumer;;Kinshasa;Kinshasa;Democratic Republic of the Congo;Central Africa;Africa;Mall;STORE-265;45 Central Ave;1-653-523-4117;Delhi;Delhi;India;TEC-AC-5100;Technology;Accessories;Logitech Flash Drive, Erganomic;GlobalSupply Ltd;$28,32;1;0;$12,72;5,92;High;EMP-2504;Lon;Bonher;Lon Bonher@store.com;1-424-176-4403;Offline
91;ERP-0000091;01.06.2025;23.05.2025;MK-816086;Mike;Kennedy;1-221-221-2006;Consumer;;Casablanca;Grand Casablanca;Morocco;North Africa;Africa;Mall;STORE-267;282 View Ln;1-701-934-3881;Anshan;Liaoning;China;OFF-AP-4968;Office Supplies;Appliances;KitchenAid Toaster, Black;SmartLogistics Ltd;$84,75;1;0;$25,41;23,03;Medium;EMP-2540;Vasco;Magalhães;Vasco Magalhães@store.com;1-363-691-5963;Offline
92;ERP-0000092;26.05.2025;17.05.2025;MK-816086;Mike;Kennedy;1-221-221-2006;Consumer;;Casablanca;Grand Casablanca;Morocco;North Africa;Africa;Mall;STORE-237;253 Hill Ln;1-829-871-4729;Bendigo;Victoria;Australia;TEC-MA-6137;Technology;Machines;StarTech Card Printer, Red;EastBridge Commerce;$642,60;4;0;$70,68;33,17;Medium;EMP-2213;Angela;Jephson;Angela Jephson@store.com;1-732-471-4858;Offline
93;ERP-0000093;16.07.2025;08.07.2025;MK-816086;Mike;Kennedy;1-221-221-2006;Consumer;;Casablanca;Grand Casablanca;Morocco;North Africa;Africa;Street;STORE-096;226 Maple Blvd;1-795-633-6083;Quetta;Baluchistan;Pakistan;OFF-BI-3722;Office Supplies;Binders;Cardinal Binder, Economy;AsiaTrade Group;$27,66;2;0;$10,20;3,41;Medium;EMP-9829;Angela;Jephson;Angela Jephson@store.com;1-814-985-5572;Offline
94;ERP-0000094;14.06.2025;11.06.2025;MK-816086;Mike;Kennedy;1-221-221-2006;Consumer;;Casablanca;Grand Casablanca;Morocco;North Africa;Africa;Mall;STORE-237;253 Hill Ln;1-829-871-4729;Bendigo;Victoria;Australia;FUR-TA-3755;Furniture;Tables;Chromcraft Coffee Table, Adjustable Height;SkyWay Trading;$269,28;1;0;$110,40;35,78;Medium;EMP-1820;Lon;Bonher;Lon Bonher@store.com;1-637-154-2670;Offline
95;ERP-0000095;07.02.2026;30.01.2026;EH-4125147;Eugene;Hildebrand;1-597-720-4534;Home Office;;Chitungwiza;Harare;Zimbabwe;Eastern Africa;Africa;Mall;STORE-213;127 Maple St;1-798-683-6209;Padang;Sumatera Barat;Indonesia;OFF-ST-5705;Office Supplies;Storage;Rogers Shelving, Blue;Universal Trade Co;$18,64;1;0,7;-$40,40;3,12;Medium;EMP-4763;Andile;Ihejirika;Andile Ihejirika@store.com;1-333-784-1493;Offline
96;ERP-0000096;13.12.2025;07.12.2025;EH-4125147;Eugene;Hildebrand;1-597-720-4534;Home Office;;Chitungwiza;Harare;Zimbabwe;Eastern Africa;Africa;Street;STORE-254;10 View Ave;1-211-953-8206;Chaoyang;Liaoning;China;OFF-ST-6273;Office Supplies;Storage;Tenex Shelving, Industrial;GlobalSupply Ltd;$16,54;1;0,7;-$28,13;1,41;Medium;EMP-7947;Andile;Ihejirika;Andile Ihejirika@store.com;1-433-348-4704;Offline
97;ERP-0000097;10.11.2025;08.11.2025;EH-4125147;Eugene;Hildebrand;1-597-720-4534;Home Office;;Chitungwiza;Harare;Zimbabwe;Eastern Africa;Africa;Mall;STORE-119;280 View Pl;1-678-149-1403;Bhilai;Chhattisgarh;India;OFF-PA-4002;Office Supplies;Paper;Eaton Note Cards, 8.5 x 11;UrbanGoods Co;$15,89;2;0,7;-$27,61;1,19;Medium;EMP-8655;Nicodemo;Bautista;Nicodemo Bautista@store.com;1-832-580-6803;Offline
98;ERP-0000098;26.12.2024;23.12.2024;DG-330087;Deirdre;Greer;1-807-104-4806;Corporate;;Maputo;Cidade De Maputo;Mozambique;Eastern Africa;Africa;Street;STORE-143;102 River St;1-799-375-1395;Valenzuela;National Capital;Philippines;TEC-PH-5269;Technology;Phones;Motorola Smart Phone, with Caller ID;GreenField Distributors;$2 582,16;4;0;$593,88;627,17;High;EMP-4284;Kaoru;Xun;Kaoru Xun@store.com;1-713-756-1844;Offline
99;ERP-0000099;17.11.2025;12.11.2025;DK-3225117;Dean;Katz;1-678-335-7944;Corporate;;Cape Town;Western Cape;South Africa;Southern Africa;Africa;Mall;STORE-178;840 Garden Pl;1-488-842-9594;Shuangyashan;Heilongjiang;China;FUR-FU-4103;Furniture;Furnishings;Eldon Stacking Tray, Durable;CrossBorder Supply;$228,24;8;0;$47,76;18,4;High;EMP-1254;Lindiwe;Afolayan;Lindiwe Afolayan@store.com;1-290-541-6544;Offline
100;ERP-0000100;10.01.2023;05.01.2023;MH-7785117;Maya;Herman;1-773-403-6113;Corporate;;Soweto;Gauteng;South Africa;Southern Africa;Africa;Mall;STORE-209;835 Cedar Rd;1-983-770-1383;Lucknow;Uttar Pradesh;India;OFF-PA-5886;Office Supplies;Paper;SanDisk Note Cards, Premium;BlueOcean Supply;$29,82;1;0;$8,94;3,56;High;EMP-2989;Cansu;Peynirci;Cansu Peynirci@store.com;1-373-965-7916;Offline
101;ERP-0000101;03.12.2022;28.11.2022;MH-7785117;Maya;Herman;1-773-403-6113;Corporate;;Soweto;Gauteng;South Africa;Southern Africa;Africa;Mall;STORE-051;523 Pine Ave;1-533-808-6129;Jammu;Jammu and Kashmir;India;TEC-MA-6145;Technology;Machines;StarTech Phone, White;EastBridge Commerce;$437,58;6;0;$179,28;98,16;High;EMP-1026;Hadia;Bousaid;Hadia Bousaid@store.com;1-250-715-9943;Offline
102;ERP-0000102;30.07.2023;21.07.2023;AA-64595;Anna;Andreadi;1-525-600-258;Consumer;;Onitsha;Anambra;Nigeria;Western Africa;Africa;Street;STORE-172;947 North St;1-246-621-7815;Albury;New South Wales;Australia;OFF-BI-3739;Office Supplies;Binders;Cardinal Index Tab, Economy;BlueOcean Supply;$15,77;6;0,7;-$12,67;1,22;Medium;EMP-5021;Katlego;Akosua;Katlego Akosua@store.com;1-700-754-2563;Offline
103;ERP-0000103;23.08.2023;17.08.2023;AA-64595;Anna;Andreadi;1-525-600-258;Consumer;;Onitsha;Anambra;Nigeria;Western Africa;Africa;Street;STORE-227;114 High St;1-247-442-6197;Wuhan;Hubei;China;OFF-BI-4813;Office Supplies;Binders;Ibico Binder, Economy;EastBridge Commerce;$4,64;1;0,7;-$6,52;1,05;Medium;EMP-5921;Marilène;Rousseau;Marilène Rousseau@store.com;1-621-115-9733;Offline
104;ERP-0000104;04.09.2023;02.09.2023;AA-64595;Anna;Andreadi;1-525-600-258;Consumer;;Onitsha;Anambra;Nigeria;Western Africa;Africa;Street;STORE-136;334 High St;1-858-606-1687;Bilaspur;Uttar Pradesh;India;OFF-ST-4062;Office Supplies;Storage;Eldon Folders, Single Width;Pacific Traders;$10,21;2;0,7;-$7,85;1,52;Medium;EMP-2835;Flannery;Newton;Flannery Newton@store.com;1-794-491-2175;Offline
105;ERP-0000105;18.07.2023;10.07.2023;AA-64595;Anna;Andreadi;1-525-600-258;Consumer;;Onitsha;Anambra;Nigeria;Western Africa;Africa;Mall;STORE-242;258 Willow Ln;1-965-509-1857;Bekasi;Jawa Barat;Indonesia;OFF-ST-5693;Office Supplies;Storage;Rogers File Cart, Single Width;SmartLogistics Ltd;$84,98;2;0,7;-$124,66;9,92;Medium;EMP-2918;Chandrakant;Chaudhri;Chandrakant Chaudhri@store.com;1-746-280-3961;Offline
106;ERP-0000106;01.09.2024;25.08.2024;JM-565552;Jim;Mitchum;1-413-764-6600;Corporate;;Nzerekore;Nzérékoré;Guinea;Western Africa;Africa;Mall;STORE-145;875 Willow Ct;1-934-190-1690;Lianyuan;Hunan;China;OFF-AP-4745;Office Supplies;Appliances;Hoover Stove, White;Pacific Traders;$566,61;1;0;$28,32;124,25;High;EMP-1271;Nora;Cuijper;Nora Cuijper@store.com;1-748-363-3067;Offline
107;ERP-0000107;23.08.2024;18.08.2024;JM-565552;Jim;Mitchum;1-413-764-6600;Corporate;;Nzerekore;Nzérékoré;Guinea;Western Africa;Africa;Outlet;STORE-117;258 Forest Dr;1-514-808-7945;Probolinggo;Jawa Timur;Indonesia;OFF-ST-6024;Office Supplies;Storage;Smead Box, Industrial;SmartLogistics Ltd;$11,25;1;0;$0,90;2,35;High;EMP-8943;Gilbert;Wolff;Gilbert Wolff@store.com;1-750-314-7987;Offline
108;ERP-0000108;20.11.2025;17.11.2025;LC-6930146;Linda;Cazamias;1-496-934-461;Corporate;;Kabwe;Central;Zambia;Eastern Africa;Africa;Street;STORE-016;417 Spring Pl;1-358-965-7021;Rawalpindi;Punjab;Pakistan;OFF-AP-3584;Office Supplies;Appliances;Breville Toaster, Silver;Pacific Traders;$77,46;1;0;$3,09;14,04;Critical;EMP-1548;Andile;Ihejirika;Andile Ihejirika@store.com;1-643-793-6236;Offline
109;ERP-0000109;19.09.2022;10.09.2022;CC-2145117;Charles;Crestani;1-544-299-7202;Consumer;;Cape Town;Western Cape;South Africa;Southern Africa;Africa;Mall;STORE-242;258 Willow Ln;1-965-509-1857;Bekasi;Jawa Barat;Indonesia;FUR-FU-5739;Furniture;Furnishings;Rubbermaid Stacking Tray, Black;SmartLogistics Ltd;$50,40;2;0;$15,60;15,75;Critical;EMP-1191;Gavino;Bove;Gavino Bove@store.com;1-882-386-6691;Offline
110;ERP-0000110;16.12.2024;15.12.2024;OT-873033;Olvera;Toch;1-429-863-5381;Consumer;;Bandundu;Bandundu;Democratic Republic of the Congo;Central Africa;Africa;Outlet;STORE-128;791 Spring Pl;1-304-134-9106;Antipolo;Calabarzon;Philippines;OFF-ST-6252;Office Supplies;Storage;Tenex Folders, Wire Frame;EuroImport GmbH;$22,29;1;0;$10,68;3,77;High;EMP-6675;Nicodemo;Bautista;Nicodemo Bautista@store.com;1-667-671-2058;Offline
111;ERP-0000111;10.01.2023;06.01.2023;NG-835573;Nat;Gilpin;1-391-424-7802;Corporate;;Monrovia;Montserrado;Liberia;Western Africa;Africa;Outlet;STORE-289;454 Hill Rd;1-632-946-4793;Anantapur;Andhra Pradesh;India;OFF-AR-6125;Office Supplies;Art;Stanley Sketch Pad, Blue;EuroImport GmbH;$88,86;2;0;$29,28;19,48;High;EMP-5834;Hadia;Bousaid;Hadia Bousaid@store.com;1-701-319-4275;Offline
112;ERP-0000112;04.03.2023;25.02.2023;NG-835573;Nat;Gilpin;1-391-424-7802;Corporate;;Monrovia;Montserrado;Liberia;Western Africa;Africa;Street;STORE-212;123 Pine Ct;1-397-483-3449;Medan;Sumatera Utara;Indonesia;OFF-ST-4057;Office Supplies;Storage;Eldon File Cart, Single Width;InnovaSupply;$256,74;2;0;$110,34;90,23;High;EMP-2452;Marilène;Rousseau;Marilène Rousseau@store.com;1-462-476-3661;Offline
113;ERP-0000113;25.11.2025;17.11.2025;DK-309038;Dave;Kipp;1-218-986-8399;Consumer;;Cairo;Al Qahirah;Egypt;North Africa;Africa;Street;STORE-258;39 View St;1-625-204-3216;Islamabad;F.C.T.;Pakistan;OFF-AR-5902;Office Supplies;Art;Sanford Canvas, Blue;Pacific Traders;$50,52;1;0;$14,64;8,48;High;EMP-2181;Nora;Cuijper;Nora Cuijper@store.com;1-723-931-9772;Offline
114;ERP-0000114;01.06.2022;26.05.2022;CD-1980111;Carol;Darley;1-284-921-4433;Consumer;;Dakar;Dakar;Senegal;Western Africa;Africa;Street;STORE-012;459 Hill Pl;1-751-886-1940;Ajmer;Rajasthan;India;OFF-ST-4252;Office Supplies;Storage;Fellowes Box, Single Width;GreenField Distributors;$78,84;4;0;$4,68;22,35;Critical;EMP-8038;Oxana;Lagunov;Oxana Lagunov@store.com;1-783-264-6753;Offline
115;ERP-0000115;12.07.2022;06.07.2022;CD-1980111;Carol;Darley;1-284-921-4433;Consumer;;Dakar;Dakar;Senegal;Western Africa;Africa;Street;STORE-192;446 Brook Blvd;1-633-217-9968;Ninghai;Shandong;China;OFF-ST-4266;Office Supplies;Storage;Fellowes Lockers, Blue;PrimeSource Ltd;$414,66;2;0;$107,76;99,68;Critical;EMP-3540;Gilbert;Wolff;Gilbert Wolff@store.com;1-631-572-6127;Offline
116;ERP-0000116;01.12.2025;23.11.2025;LH-702033;Lisa;Hazard;1-696-711-2659;Consumer;;Kinshasa;Kinshasa;Democratic Republic of the Congo;Central Africa;Africa;Mall;STORE-118;35 Pine St;1-344-456-1653;Bhatpara;West Bengal;India;TEC-CO-5994;Technology;Copiers;Sharp Fax and Copier, Digital;EastBridge Commerce;$672,96;4;0;$228,72;86,43;High;EMP-4127;Lindiwe;Afolayan;Lindiwe Afolayan@store.com;1-267-255-8086;Offline
117;ERP-0000117;24.12.2025;23.12.2025;LH-702033;Lisa;Hazard;1-696-711-2659;Consumer;;Kinshasa;Kinshasa;Democratic Republic of the Congo;Central Africa;Africa;Outlet;STORE-128;791 Spring Pl;1-304-134-9106;Antipolo;Calabarzon;Philippines;FUR-FU-5725;Furniture;Furnishings;Rubbermaid Door Stop, Durable;GlobalSupply Ltd;$40,83;1;0;$5,28;3,48;High;EMP-9243;Wasswa;Ahmed;Wasswa Ahmed@store.com;1-715-157-2801;Offline
118;ERP-0000118;15.12.2025;08.12.2025;LW-6825129;Laurel;Workman;1-872-25-1034;Corporate;;Mwanza;Mwanza;Tanzania;Eastern Africa;Africa;Outlet;STORE-009;326 North Blvd;1-913-259-3649;Lanzhou;Gansu;China;OFF-SU-4121;Office Supplies;Supplies;Elite Letter Opener, High Speed;Universal Trade Co;$26,70;1;0;$11,19;6,55;Critical;EMP-1538;Lon;Bonher;Lon Bonher@store.com;1-244-316-1113;Offline
119;ERP-0000119;30.12.2025;20.12.2025;LW-6825129;Laurel;Workman;1-872-25-1034;Corporate;;Mwanza;Mwanza;Tanzania;Eastern Africa;Africa;Mall;STORE-152;512 South Dr;1-441-494-6338;Yichun;Heilongjiang;China;OFF-ST-6038;Office Supplies;Storage;Smead Folders, Blue;TransGlobal Partners;$31,48;2;0,1;$0,64;6,52;Critical;EMP-8865;Cansu;Peynirci;Cansu Peynirci@store.com;1-744-962-2169;Offline
120;ERP-0000120;11.12.2022;09.12.2022;CC-237038;Christopher;Conant;1-815-472-1623;Consumer;;Alexandria;Al Iskandariyah;Egypt;North Africa;Africa;Mall;STORE-276;967 High Ct;1-742-514-6481;Chifeng;Inner Mongolia;China;OFF-ST-5686;Office Supplies;Storage;Rogers Box, Blue;UrbanGoods Co;$23,97;1;0;$0,45;5,45;High;EMP-7563;Katlego;Akosua;Katlego Akosua@store.com;1-540-593-9472;Offline
121;ERP-0000121;09.12.2022;07.12.2022;CC-237038;Christopher;Conant;1-815-472-1623;Consumer;;Alexandria;Al Iskandariyah;Egypt;North Africa;Africa;Outlet;STORE-078;230 North Blvd;1-440-225-6032;Shenyang;Liaoning;China;TEC-PH-5339;Technology;Phones;Nokia Headset, Cordless;PrimeSource Ltd;$75,96;1;0;$16,71;5,81;High;EMP-3651;Lynne;Marchand;Lynne Marchand@store.com;1-382-176-2013;Offline
122;ERP-0000122;26.02.2024;21.02.2024;EH-3990146;Erica;Hackney;1-763-396-9041;Consumer;;Lusaka;Lusaka;Zambia;Eastern Africa;Africa;Mall;STORE-209;835 Cedar Rd;1-983-770-1383;Lucknow;Uttar Pradesh;India;OFF-BI-2892;Office Supplies;Binders;Acco Binder Covers, Durable;Universal Trade Co;$59,28;4;0;$26,64;14,89;Critical;EMP-7090;Hadia;Bousaid;Hadia Bousaid@store.com;1-493-750-7608;Offline
123;ERP-0000123;04.07.2023;28.06.2023;PC-900038;Pauline;Chand;1-271-377-1645;Home Office;;Cairo;Al Qahirah;Egypt;North Africa;Africa;Street;STORE-123;402 South Ln;1-567-784-2977;Saint-Priest;Auvergne-Rhône-Alpes;France;OFF-EN-3669;Office Supplies;Envelopes;Cameo Manila Envelope, Recycled;GlobalSupply Ltd;$25,80;1;0;$11,07;5,27;Medium;EMP-4452;Miina;Nylund;Miina Nylund@store.com;1-672-997-4322;Offline
124;ERP-0000124;03.08.2023;24.07.2023;PC-900038;Pauline;Chand;1-271-377-1645;Home Office;;Cairo;Al Qahirah;Egypt;North Africa;Africa;Mall;STORE-066;883 Spring St;1-443-722-5623;Aberdeen;Scotland;United Kingdom;OFF-AR-3490;Office Supplies;Art;Binney & Smith Markers, Fluorescent;EuroImport GmbH;$101,40;4;0;$27,36;15,46;Medium;EMP-2772;Flannery;Newton;Flannery Newton@store.com;1-309-623-6664;Offline
125;ERP-0000125;26.06.2023;20.06.2023;PC-900038;Pauline;Chand;1-271-377-1645;Home Office;;Cairo;Al Qahirah;Egypt;North Africa;Africa;Outlet;STORE-045;434 View Pl;1-372-925-3432;Firozabad;Uttar Pradesh;India;OFF-FA-5484;Office Supplies;Fasteners;OIC Thumb Tacks, 12 Pack;GlobalSupply Ltd;$13,50;1;0;$5,40;2,22;Medium;EMP-8025;Gavino;Bove;Gavino Bove@store.com;1-644-760-6461;Offline
126;ERP-0000126;20.01.2025;19.01.2025;CS-195087;Carlos;Soltero;1-557-711-4731;Consumer;;Chimoio;Manica;Mozambique;Eastern Africa;Africa;Street;STORE-004;669 Hill Rd;1-232-194-1192;Kuala Lumpur;Kuala Lumpur;Malaysia;OFF-SU-4123;Office Supplies;Supplies;Elite Ruler, Easy Grip;PrimeSource Ltd;$15,42;1;0;$1,05;2,03;Medium;EMP-7157;Lindiwe;Afolayan;Lindiwe Afolayan@store.com;1-801-342-4635;Offline
127;ERP-0000127;09.02.2024;30.01.2024;TW-1102595;Tamara;Willingham;1-713-760-2035;Home Office;;Lagos;Lagos;Nigeria;Western Africa;Africa;Street;STORE-217;895 Garden Ave;1-950-789-9844;Chennai;Tamil Nadu;India;OFF-SU-6174;Office Supplies;Supplies;Stiletto Scissors, Serrated;BlueOcean Supply;$36,56;6;0,7;-$45,16;4,08;High;EMP-5405;Lindiwe;Afolayan;Lindiwe Afolayan@store.com;1-998-971-8308;Offline
128;ERP-0000128;07.12.2023;02.12.2023;TW-1102595;Tamara;Willingham;1-713-760-2035;Home Office;;Lagos;Lagos;Nigeria;Western Africa;Africa;Street;STORE-123;402 South Ln;1-567-784-2977;Saint-Priest;Auvergne-Rhône-Alpes;France;OFF-SU-4984;Office Supplies;Supplies;Kleencut Ruler, Steel;CrossBorder Supply;$3,89;1;0,7;-$4,54;1,89;High;EMP-6501;Marilène;Rousseau;Marilène Rousseau@store.com;1-702-225-3610;Offline
129;ERP-0000129;16.01.2024;14.01.2024;TW-1102595;Tamara;Willingham;1-713-760-2035;Home Office;;Lagos;Lagos;Nigeria;Western Africa;Africa;Mall;STORE-276;967 High Ct;1-742-514-6481;Chifeng;Inner Mongolia;China;OFF-AP-3565;Office Supplies;Appliances;Breville Blender, White;EuroImport GmbH;$27,30;1;0,7;-$44,61;7,8;High;EMP-1734;Lon;Bonher;Lon Bonher@store.com;1-491-350-9726;Offline
130;ERP-0000130;16.01.2024;15.01.2024;TW-1102595;Tamara;Willingham;1-713-760-2035;Home Office;;Lagos;Lagos;Nigeria;Western Africa;Africa;Street;STORE-011;581 Lake Dr;1-873-573-7619;Shulan;Jilin;China;OFF-BI-3736;Office Supplies;Binders;Cardinal Hole Reinforcements, Recycled;Universal Trade Co;$1,71;1;0,7;-$1,62;1,32;High;EMP-4912;Oxana;Lagunov;Oxana Lagunov@store.com;1-801-159-1216;Offline
131;ERP-0000131;06.01.2024;01.01.2024;TW-1102595;Tamara;Willingham;1-713-760-2035;Home Office;;Lagos;Lagos;Nigeria;Western Africa;Africa;Mall;STORE-024;445 Cedar St;1-666-589-5082;Kaifeng;Henan;China;OFF-SU-2994;Office Supplies;Supplies;Acme Shears, High Speed;NordicSupply AB;$29,95;2;0,7;-$19,97;1,89;High;EMP-9036;Gavino;Bove;Gavino Bove@store.com;1-292-525-7687;Offline
132;ERP-0000132;26.09.2023;19.09.2023;AB-10060147;Adam;Bellavance;1-448-603-1279;Home Office;;Harare;Harare;Zimbabwe;Eastern Africa;Africa;Street;STORE-056;353 Cedar Pl;1-245-423-9334;Queanbeyan;New South Wales;Australia;OFF-BI-3249;Office Supplies;Binders;Avery Binder Covers, Recycled;SilkRoad Exports;$6,86;2;0,7;-$7,78;1,16;Medium;EMP-8295;Chandrakant;Chaudhri;Chandrakant Chaudhri@store.com;1-866-885-6759;Offline
133;ERP-0000133;03.11.2022;01.11.2022;ME-772595;Max;Engle;1-428-956-8726;Consumer;;Lagos;Lagos;Nigeria;Western Africa;Africa;Outlet;STORE-282;311 Park Pl;1-395-378-1687;Etawah;Uttar Pradesh;India;TEC-CO-4765;Technology;Copiers;HP Copy Machine, Color;GlobalSupply Ltd;$72,57;1;0,7;-$120,96;10,78;High;EMP-3621;Nora;Cuijper;Nora Cuijper@store.com;1-602-942-5563;Offline
134;ERP-0000134;13.12.2022;11.12.2022;ME-772595;Max;Engle;1-428-956-8726;Consumer;;Lagos;Lagos;Nigeria;Western Africa;Africa;Mall;STORE-118;35 Pine St;1-344-456-1653;Bhatpara;West Bengal;India;OFF-SU-4309;Office Supplies;Supplies;Fiskars Letter Opener, High Speed;NordicSupply AB;$16,40;2;0,7;-$36,10;4,02;High;EMP-4400;Kauri;Anaru;Kauri Anaru@store.com;1-689-487-6864;Offline
135;ERP-0000135;13.05.2024;10.05.2024;BS-1665111;Brian;Stugart;1-771-524-7726;Consumer;;Dakar;Dakar;Senegal;Western Africa;Africa;Mall;STORE-140;130 Park Rd;1-754-665-2503;Jambi;Jambi;Indonesia;OFF-BI-3737;Office Supplies;Binders;Cardinal Index Tab, Clear;Universal Trade Co;$7,26;1;0;$2,52;1,79;Critical;EMP-7872;Hadia;Bousaid;Hadia Bousaid@store.com;1-969-609-2613;Offline
136;ERP-0000136;05.07.2024;03.07.2024;BS-1665111;Brian;Stugart;1-771-524-7726;Consumer;;Dakar;Dakar;Senegal;Western Africa;Africa;Street;STORE-086;243 Garden Dr;1-837-163-1148;Whyalla;South Australia;Australia;OFF-AP-4737;Office Supplies;Appliances;Hoover Refrigerator, Silver;EastBridge Commerce;$527,01;1;0;$168,63;124,75;Critical;EMP-5345;Marilène;Rousseau;Marilène Rousseau@store.com;1-559-776-1761;Offline
137;ERP-0000137;27.06.2024;18.06.2024;BS-1665111;Brian;Stugart;1-771-524-7726;Consumer;;Dakar;Dakar;Senegal;Western Africa;Africa;Outlet;STORE-157;146 Forest Pl;1-344-301-1709;Brahmapur;Odisha;India;OFF-BI-3186;Office Supplies;Binders;Avery 3-Hole Punch, Clear;EastBridge Commerce;$54,66;2;0;$7,08;24,15;Critical;EMP-9530;Preecha;Metharom;Preecha Metharom@store.com;1-634-310-7671;Offline
138;ERP-0000138;13.07.2024;10.07.2024;BS-1665111;Brian;Stugart;1-771-524-7726;Consumer;;Dakar;Dakar;Senegal;Western Africa;Africa;Street;STORE-218;268 Hill Blvd;1-473-935-6821;Meerut;Uttar Pradesh;India;OFF-AR-6118;Office Supplies;Art;Stanley Pencil Sharpener, Easy-Erase;GreenField Distributors;$52,08;2;0;$17,70;1,67;Critical;EMP-5519;Preecha;Metharom;Preecha Metharom@store.com;1-450-787-4134;Offline
139;ERP-0000139;18.06.2024;10.06.2024;BS-1665111;Brian;Stugart;1-771-524-7726;Consumer;;Dakar;Dakar;Senegal;Western Africa;Africa;Street;STORE-002;26 Forest Dr;1-946-957-7067;Surat;Gujarat;India;OFF-AP-4747;Office Supplies;Appliances;Hoover Toaster, Red;NordicSupply AB;$83,64;1;0;$6,69;17,45;Critical;EMP-3669;Andile;Ihejirika;Andile Ihejirika@store.com;1-896-958-8793;Offline
140;ERP-0000140;15.06.2024;05.06.2024;BS-1665111;Brian;Stugart;1-771-524-7726;Consumer;;Dakar;Dakar;Senegal;Western Africa;Africa;Mall;STORE-144;797 Forest Pl;1-899-961-7933;Gold Coast;Queensland;Australia;FUR-FU-5732;Furniture;Furnishings;Rubbermaid Light Bulb, Duo Pack;WorldConnect Trade;$37,80;2;0;$6,00;11,75;Critical;EMP-3512;Lynne;Marchand;Lynne Marchand@store.com;1-451-329-7392;Offline
141;ERP-0000141;15.04.2024;10.04.2024;BS-1665111;Brian;Stugart;1-771-524-7726;Consumer;;Dakar;Dakar;Senegal;Western Africa;Africa;Street;STORE-019;905 Forest Blvd;1-695-488-1392;Ghent;East Flanders;Belgium;OFF-PA-5868;Office Supplies;Paper;SanDisk Memo Slips, 8.5 x 11;BlueOcean Supply;$42,24;2;0;$6,72;15,67;Critical;EMP-2567;Lon;Bonher;Lon Bonher@store.com;1-595-795-8325;Offline
142;ERP-0000142;16.04.2024;14.04.2024;BS-1665111;Brian;Stugart;1-771-524-7726;Consumer;;Dakar;Dakar;Senegal;Western Africa;Africa;Mall;STORE-236;978 Pine Pl;1-745-150-3032;Jiangyan;Jiangsu;China;OFF-BI-3291;Office Supplies;Binders;Avery Hole Reinforcements, Economy;SmartLogistics Ltd;$52,92;12;0;$0,00;18,5;Critical;EMP-9485;Lynne;Marchand;Lynne Marchand@store.com;1-556-615-9947;Offline
143;ERP-0000143;09.07.2024;05.07.2024;BS-1665111;Brian;Stugart;1-771-524-7726;Consumer;;Dakar;Dakar;Senegal;Western Africa;Africa;Mall;STORE-153;637 Lake Blvd;1-234-666-5713;Qingdao;Shandong;China;OFF-ST-4061;Office Supplies;Storage;Eldon Folders, Industrial;BlueOcean Supply;$17,46;1;0;$0,51;1,27;Critical;EMP-2819;Lon;Bonher;Lon Bonher@store.com;1-617-348-8191;Offline
144;ERP-0000144;02.05.2024;24.04.2024;BS-1665111;Brian;Stugart;1-771-524-7726;Consumer;;Dakar;Dakar;Senegal;Western Africa;Africa;Outlet;STORE-169;233 Park Blvd;1-593-567-7169;Goyang;Gyeonggi;South Korea;OFF-BI-3726;Office Supplies;Binders;Cardinal Binding Machine, Economy;SmartLogistics Ltd;$49,77;1;0;$13,92;13,92;Critical;EMP-9805;Lindiwe;Afolayan;Lindiwe Afolayan@store.com;1-633-366-6213;Offline
145;ERP-0000145;16.08.2023;07.08.2023;MS-753077;MaryBeth;Skach;1-709-596-8076;Consumer;;Antananarivo;Analamanga;Madagascar;Eastern Africa;Africa;Mall;STORE-083;387 Spring Ln;1-272-794-3314;Barcelona;Catalonia;Spain;FUR-BO-4867;Furniture;Bookcases;Ikea Stackable Bookrack, Traditional;GlobalSupply Ltd;$490,32;4;0;$181,32;138,96;High;EMP-1488;Gavino;Bove;Gavino Bove@store.com;1-775-425-4950;Offline
146;ERP-0000146;21.07.2023;11.07.2023;MS-753077;MaryBeth;Skach;1-709-596-8076;Consumer;;Antananarivo;Analamanga;Madagascar;Eastern Africa;Africa;Outlet;STORE-274;447 Garden Dr;1-580-837-6248;Sanming;Fujian;China;OFF-BI-2893;Office Supplies;Binders;Acco Binder Covers, Economy;BlueOcean Supply;$13,32;1;0;$5,46;2,72;High;EMP-4689;Lindiwe;Afolayan;Lindiwe Afolayan@store.com;1-891-906-1827;Offline
147;ERP-0000147;31.08.2023;23.08.2023;MS-753077;MaryBeth;Skach;1-709-596-8076;Consumer;;Antananarivo;Analamanga;Madagascar;Eastern Africa;Africa;Street;STORE-171;521 High Pl;1-315-476-2094;Mianyang;Sichuan;China;OFF-AR-5922;Office Supplies;Art;Sanford Pencil Sharpener, Fluorescent;Atlantic Logistics;$25,83;1;0;$9,03;1,36;High;EMP-6503;Andile;Ihejirika;Andile Ihejirika@store.com;1-306-872-6024;Offline
148;ERP-0000148;20.08.2023;18.08.2023;MS-753077;MaryBeth;Skach;1-709-596-8076;Consumer;;Antananarivo;Analamanga;Madagascar;Eastern Africa;Africa;Outlet;STORE-240;320 Hill Dr;1-278-862-4463;Kendari;Sulawesi Tenggara;Indonesia;OFF-AR-6121;Office Supplies;Art;Stanley Pens, Blue;TransGlobal Partners;$40,20;4;0;$19,68;13,35;High;EMP-8314;Chandrakant;Chaudhri;Chandrakant Chaudhri@store.com;1-305-250-3184;Offline
149;ERP-0000149;29.08.2025;20.08.2025;GR-4560147;Georgia;Rosenberg;1-497-949-2669;Corporate;;Harare;Harare;Zimbabwe;Eastern Africa;Africa;Mall;STORE-278;761 Maple Rd;1-460-666-7978;La Roche-sur-Yon;Pays de la Loire;France;FUR-BO-4859;Furniture;Bookcases;Ikea Floating Shelf Set, Traditional;AsiaTrade Group;$51,10;1;0,7;-$109,04;3,26;Critical;EMP-7678;Chandrakant;Chaudhri;Chandrakant Chaudhri@store.com;1-794-608-8585;Offline
150;ERP-0000150;01.09.2024;23.08.2024;RB-936069;Raymond;Buch;1-587-239-1613;Consumer;;Nairobi;Nairobi;Kenya;Eastern Africa;Africa;Mall;STORE-242;258 Willow Ln;1-965-509-1857;Bekasi;Jawa Barat;Indonesia;OFF-SU-2967;Office Supplies;Supplies;Acme Box Cutter, Serrated;Pacific Traders;$69,00;2;0;$15,84;22,15;Critical;EMP-5331;Nora;Cuijper;Nora Cuijper@store.com;1-712-148-8353;Offline
151;ERP-0000151;03.10.2024;01.10.2024;RB-936069;Raymond;Buch;1-587-239-1613;Consumer;;Nairobi;Nairobi;Kenya;Eastern Africa;Africa;Mall;STORE-134;26 Pine Ct;1-812-264-7261;Nizamabad;Telangana;India;OFF-BI-3256;Office Supplies;Binders;Avery Binding Machine, Durable;NordicSupply AB;$50,34;1;0;$3,00;19,48;Critical;EMP-3726;Lynne;Marchand;Lynne Marchand@store.com;1-288-143-5312;Offline
152;ERP-0000152;08.10.2024;30.09.2024;RB-936069;Raymond;Buch;1-587-239-1613;Consumer;;Nairobi;Nairobi;Kenya;Eastern Africa;Africa;Outlet;STORE-187;313 Brook Pl;1-730-654-5979;Shimonoseki;Yamaguchi;Japan;OFF-FA-6197;Office Supplies;Fasteners;Stockwell Rubber Bands, 12 Pack;Atlantic Logistics;$15,96;1;0;$1,59;5,41;Critical;EMP-2790;Gavino;Bove;Gavino Bove@store.com;1-589-895-9973;Offline
153;ERP-0000153;11.03.2025;09.03.2025;RS-987038;Roy;Skaria;1-996-620-101;Home Office;;Cairo;Al Qahirah;Egypt;North Africa;Africa;Outlet;STORE-003;437 Maple St;1-687-843-2962;Mount Isa;Queensland;Australia;OFF-ST-6041;Office Supplies;Storage;Smead Folders, Wire Frame;AsiaTrade Group;$16,56;1;0;$0,99;1,77;High;EMP-9477;Kaoru;Xun;Kaoru Xun@store.com;1-425-290-6477;Offline
154;ERP-0000154;15.07.2025;12.07.2025;JD-606049;Julia;Dunbar;1-654-952-7015;Consumer;;Kumasi;Ashanti;Ghana;Western Africa;Africa;Outlet;STORE-169;233 Park Blvd;1-593-567-7169;Goyang;Gyeonggi;South Korea;OFF-AP-4956;Office Supplies;Appliances;KitchenAid Microwave, Black;TransGlobal Partners;$1 239,00;4;0;$0,00;327,94;Critical;EMP-3762;Kaoru;Xun;Kaoru Xun@store.com;1-236-626-7728;Offline
155;ERP-0000155;23.11.2025;15.11.2025;DV-34654;Dianna;Vittorini;1-950-392-7079;Consumer;;Namibe;Namibe;Angola;Central Africa;Africa;Street;STORE-129;83 Brook Dr;1-482-640-3662;Wuxi;Jiangsu;China;TEC-MA-5000;Technology;Machines;Konica Calculator, White;GlobalSupply Ltd;$50,04;1;0;$14,49;6,78;High;EMP-5210;Lynne;Marchand;Lynne Marchand@store.com;1-371-341-7776;Offline
156;ERP-0000156;26.11.2025;18.11.2025;DV-34654;Dianna;Vittorini;1-950-392-7079;Consumer;;Namibe;Namibe;Angola;Central Africa;Africa;Mall;STORE-140;130 Park Rd;1-754-665-2503;Jambi;Jambi;Indonesia;OFF-BI-3294;Office Supplies;Binders;Avery Index Tab, Durable;CrossBorder Supply;$13,38;2;0;$3,42;3,3;High;EMP-8700;Kauri;Anaru;Kauri Anaru@store.com;1-809-438-4572;Offline
157;ERP-0000157;03.03.2023;25.02.2023;CM-183095;Cari;MacIntyre;1-744-898-4486;Corporate;;Kaduna;Kaduna;Nigeria;Western Africa;Africa;Street;STORE-168;151 Hill St;1-289-563-4044;Graz;Styria;Austria;OFF-AR-3494;Office Supplies;Art;Binney & Smith Pencil Sharpener, Water Color;BlueOcean Supply;$8,96;1;0,7;-$14,06;2,33;Critical;EMP-7645;Angela;Jephson;Angela Jephson@store.com;1-817-661-9785;Offline
158;ERP-0000158;12.03.2024;09.03.2024;KB-6240129;Karen;Bern;1-487-378-7746;Corporate;;Moshi;Kilimanjaro;Tanzania;Eastern Africa;Africa;Street;STORE-230;168 High Blvd;1-553-425-8247;Pematangsiantar;Sumatera Utara;Indonesia;FUR-BO-5950;Furniture;Bookcases;Sauder Classic Bookcase, Pine;Pacific Traders;$437,34;1;0;$74,34;38,4;Critical;EMP-4848;Kaoru;Xun;Kaoru Xun@store.com;1-892-103-5158;Offline
159;ERP-0000159;30.01.2024;26.01.2024;KB-6240129;Karen;Bern;1-487-378-7746;Corporate;;Moshi;Kilimanjaro;Tanzania;Eastern Africa;Africa;Outlet;STORE-025;37 North Ct;1-530-657-2623;Cuttack;Odisha;India;OFF-SU-2989;Office Supplies;Supplies;Acme Scissors, High Speed;EuroImport GmbH;$25,44;1;0;$2,28;6,99;Critical;EMP-1079;Angela;Jephson;Angela Jephson@store.com;1-778-261-4837;Offline
160;ERP-0000160;10.03.2023;05.03.2023;LW-7125117;Liz;Willingham;1-901-170-2755;Consumer;;East London;Eastern Cape;South Africa;Southern Africa;Africa;Mall;STORE-213;127 Maple St;1-798-683-6209;Padang;Sumatera Barat;Indonesia;OFF-AR-3447;Office Supplies;Art;BIC Canvas, Blue;SmartLogistics Ltd;$53,70;1;0;$4,29;8,73;High;EMP-4856;Cansu;Peynirci;Cansu Peynirci@store.com;1-388-148-1752;Offline
161;ERP-0000161;24.03.2025;20.03.2025;PS-876033;Pamela;Stobb;1-858-979-3771;Consumer;;Kikwit;Bandundu;Democratic Republic of the Congo;Central Africa;Africa;Mall;STORE-292;594 Forest Ct;1-882-120-6431;Kochi;Kerala;India;TEC-MA-5015;Technology;Machines;Konica Printer, Red;Universal Trade Co;$264,99;1;0;$119,22;43,64;Medium;EMP-4515;Gilbert;Wolff;Gilbert Wolff@store.com;1-867-698-2207;Offline
162;ERP-0000162;07.04.2025;06.04.2025;PS-876033;Pamela;Stobb;1-858-979-3771;Consumer;;Kikwit;Bandundu;Democratic Republic of the Congo;Central Africa;Africa;Outlet;STORE-128;791 Spring Pl;1-304-134-9106;Antipolo;Calabarzon;Philippines;TEC-MA-5511;Technology;Machines;Okidata Printer, Red;GreenField Distributors;$265,65;1;0;$2,64;13,44;Medium;EMP-1009;Miina;Nylund;Miina Nylund@store.com;1-590-572-1437;Offline
163;ERP-0000163;28.04.2022;20.04.2022;DK-283595;Damala;Kotsonis;1-486-868-2855;Corporate;;Lagos;Lagos;Nigeria;Western Africa;Africa;Street;STORE-132;747 Forest Pl;1-714-356-4637;Tamworth;New South Wales;Australia;OFF-PA-6612;Office Supplies;Paper;Xerox Memo Slips, Recycled;Atlantic Logistics;$4,03;1;0,7;-$7,40;1,27;High;EMP-6291;Preecha;Metharom;Preecha Metharom@store.com;1-425-858-3238;Offline
164;ERP-0000164;08.03.2022;26.02.2022;DK-283595;Damala;Kotsonis;1-486-868-2855;Corporate;;Lagos;Lagos;Nigeria;Western Africa;Africa;Street;STORE-251;904 Lake St;1-739-581-8363;Lismore;New South Wales;Australia;TEC-MA-5514;Technology;Machines;Okidata Receipt Printer, Durable;Atlantic Logistics;$36,91;1;0,7;-$81,20;5,89;High;EMP-5659;Wasswa;Ahmed;Wasswa Ahmed@store.com;1-462-922-7158;Offline
165;ERP-0000165;30.09.2022;29.09.2022;BP-123095;Benjamin;Patterson;1-821-122-5301;Consumer;;Port Harcourt;Rivers;Nigeria;Western Africa;Africa;Outlet;STORE-210;562 North Ave;1-961-801-3091;Bogor;Jawa Barat;Indonesia;FUR-TA-3340;Furniture;Tables;Barricks Computer Table, Adjustable Height;BlueOcean Supply;$142,62;1;0,7;-$275,76;39,49;High;EMP-9489;Marilène;Rousseau;Marilène Rousseau@store.com;1-563-748-3550;Offline
166;ERP-0000166;21.10.2022;16.10.2022;BP-123095;Benjamin;Patterson;1-821-122-5301;Consumer;;Port Harcourt;Rivers;Nigeria;Western Africa;Africa;Mall;STORE-225;617 Park Ln;1-785-180-4473;Allahabad;Uttar Pradesh;India;OFF-SU-4125;Office Supplies;Supplies;Elite Ruler, Serrated;UrbanGoods Co;$18,90;6;0,7;-$32,76;4,56;High;EMP-9243;Marilène;Rousseau;Marilène Rousseau@store.com;1-364-823-3876;Offline
167;ERP-0000167;23.08.2022;19.08.2022;BP-123095;Benjamin;Patterson;1-821-122-5301;Consumer;;Port Harcourt;Rivers;Nigeria;Western Africa;Africa;Street;STORE-216;102 Spring Pl;1-672-755-7587;Hubli;Karnataka;India;OFF-AR-3489;Office Supplies;Art;Binney & Smith Markers, Easy-Erase;Atlantic Logistics;$29,23;4;0,7;-$29,33;3,09;High;EMP-7171;Gilbert;Wolff;Gilbert Wolff@store.com;1-403-137-9783;Offline
168;ERP-0000168;24.08.2022;21.08.2022;BP-123095;Benjamin;Patterson;1-821-122-5301;Consumer;;Port Harcourt;Rivers;Nigeria;Western Africa;Africa;Street;STORE-102;701 Spring Ave;1-732-767-5968;Wenzhou;Zhejiang;China;OFF-ST-4094;Office Supplies;Storage;Eldon Shelving, Blue;SkyWay Trading;$87,16;6;0,7;-$125,06;17,98;High;EMP-5808;Oxana;Lagunov;Oxana Lagunov@store.com;1-967-513-7831;Offline
169;ERP-0000169;07.10.2022;06.10.2022;BP-123095;Benjamin;Patterson;1-821-122-5301;Consumer;;Port Harcourt;Rivers;Nigeria;Western Africa;Africa;Street;STORE-270;962 Hill Dr;1-347-182-2087;Altamura;Apulia;Italy;OFF-PA-4005;Office Supplies;Paper;Eaton Parchment Paper, 8.5 x 11;Atlantic Logistics;$10,57;2;0,7;-$17,63;1,18;High;EMP-7474;Dolores;Davis;Dolores Davis@store.com;1-295-876-4187;Offline
170;ERP-0000170;08.10.2022;02.10.2022;BP-123095;Benjamin;Patterson;1-821-122-5301;Consumer;;Port Harcourt;Rivers;Nigeria;Western Africa;Africa;Mall;STORE-291;925 Park St;1-696-486-4733;Aligarh;Uttar Pradesh;India;FUR-BO-3616;Furniture;Bookcases;Bush 3-Shelf Cabinet, Mobile;UrbanGoods Co;$43,77;1;0,7;-$80,25;6,29;High;EMP-7273;Miina;Nylund;Miina Nylund@store.com;1-330-125-7310;Offline
171;ERP-0000171;20.08.2022;11.08.2022;BP-123095;Benjamin;Patterson;1-821-122-5301;Consumer;;Port Harcourt;Rivers;Nigeria;Western Africa;Africa;Outlet;STORE-087;657 Cedar Dr;1-590-495-2090;Orange;New South Wales;Australia;TEC-CO-5997;Technology;Copiers;Sharp Fax Machine, Color;GlobalSupply Ltd;$178,25;2;0,7;-$368,41;62,43;High;EMP-3116;Oxana;Lagunov;Oxana Lagunov@store.com;1-472-921-4252;Offline
172;ERP-0000172;03.09.2022;25.08.2022;BP-123095;Benjamin;Patterson;1-821-122-5301;Consumer;;Port Harcourt;Rivers;Nigeria;Western Africa;Africa;Street;STORE-055;58 Pine Pl;1-760-970-3569;Nantes;Pays de la Loire;France;OFF-FA-2962;Office Supplies;Fasteners;Accos Thumb Tacks, Metal;InnovaSupply;$4,14;1;0,7;-$7,05;1,83;High;EMP-6661;Hadia;Bousaid;Hadia Bousaid@store.com;1-209-135-2828;Offline
173;ERP-0000173;24.08.2022;15.08.2022;BP-123095;Benjamin;Patterson;1-821-122-5301;Consumer;;Port Harcourt;Rivers;Nigeria;Western Africa;Africa;Mall;STORE-040;52 Maple Pl;1-576-688-5147;Bokaro;Jharkhand;India;FUR-FU-6259;Furniture;Furnishings;Tenex Light Bulb, Durable;WorldConnect Trade;$4,79;1;0,7;-$9,28;1,14;High;EMP-4882;Flannery;Newton;Flannery Newton@store.com;1-253-335-5915;Offline
174;ERP-0000174;09.11.2022;07.11.2022;BP-123095;Benjamin;Patterson;1-821-122-5301;Consumer;;Port Harcourt;Rivers;Nigeria;Western Africa;Africa;Street;STORE-086;243 Garden Dr;1-837-163-1148;Whyalla;South Australia;Australia;FUR-CH-5774;Furniture;Chairs;SAFCO Executive Leather Armchair, Black;WorldConnect Trade;$275,40;2;0,7;-$211,14;84,61;High;EMP-4135;Lon;Bonher;Lon Bonher@store.com;1-778-843-8464;Offline
175;ERP-0000175;16.12.2024;15.12.2024;AG-330122;Alex;Grayson;1-391-404-6241;Consumer;;Kassala;Kassala;Sudan;North Africa;Africa;Street;STORE-272;316 Willow Ln;1-380-597-3559;Mudanjiang;Heilongjiang;China;FUR-CH-5434;Furniture;Chairs;Office Star Bag Chairs, Black;Pacific Traders;$212,04;4;0;$86,88;45,88;Critical;EMP-3140;Marilène;Rousseau;Marilène Rousseau@store.com;1-653-389-6246;Offline
176;ERP-0000176;10.02.2026;04.02.2026;MH-811549;Mick;Hernandez;1-360-557-9450;Home Office;;Kumasi;Ashanti;Ghana;Western Africa;Africa;Street;STORE-065;949 Brook Ln;1-244-937-2301;Geraldton;Western Australia;Australia;OFF-SU-4976;Office Supplies;Supplies;Kleencut Box Cutter, Steel;WorldConnect Trade;$136,20;4;0;$21,72;4,23;High;EMP-8670;Nicodemo;Bautista;Nicodemo Bautista@store.com;1-352-454-8383;Offline
177;ERP-0000177;05.10.2025;25.09.2025;MY-8295129;Muhammed;Yedwab;1-341-309-9563;Corporate;;Dar es Salaam;Dar Es Salaam;Tanzania;Eastern Africa;Africa;Outlet;STORE-121;839 Forest Ave;1-635-998-7642;Datong;Shanxi;China;FUR-CH-5439;Furniture;Chairs;Office Star Chairmat, Red;Atlantic Logistics;$65,82;1;0;$26,31;12,23;High;EMP-8925;Miina;Nylund;Miina Nylund@store.com;1-210-164-5593;Offline
178;ERP-0000178;12.11.2025;08.11.2025;MY-8295129;Muhammed;Yedwab;1-341-309-9563;Corporate;;Dar es Salaam;Dar Es Salaam;Tanzania;Eastern Africa;Africa;Outlet;STORE-089;410 Cedar Ct;1-729-719-5626;Frontignan;Languedoc-Roussillon-Midi-Pyrénées;France;OFF-BI-4807;Office Supplies;Binders;Ibico Binder Covers, Clear;SkyWay Trading;$26,22;2;0;$1,80;2,77;High;EMP-7834;Lynne;Marchand;Lynne Marchand@store.com;1-220-385-9609;Offline
179;ERP-0000179;23.07.2024;18.07.2024;AY-555117;Andy;Yotov;1-737-961-8684;Corporate;;Bloemfontein;Free State;South Africa;Southern Africa;Africa;Outlet;STORE-105;189 South Dr;1-714-377-6682;Alice Springs;Northern Territory;Australia;OFF-ST-4063;Office Supplies;Storage;Eldon Folders, Wire Frame;SkyWay Trading;$16,05;1;0;$1,59;1,46;High;EMP-5667;Oxana;Lagunov;Oxana Lagunov@store.com;1-340-480-4457;Offline
180;ERP-0000180;27.12.2024;22.12.2024;BF-102086;Barry;Französisch;1-321-265-2776;Corporate;;Casablanca;Grand Casablanca;Morocco;North Africa;Africa;Mall;STORE-153;637 Lake Blvd;1-234-666-5713;Qingdao;Shandong;China;OFF-BI-6377;Office Supplies;Binders;Wilson Jones Binder Covers, Recycled;InnovaSupply;$11,55;1;0;$2,76;2,22;High;EMP-3110;Kaoru;Xun;Kaoru Xun@store.com;1-433-150-8092;Offline
181;ERP-0000181;16.12.2022;13.12.2022;JC-5385123;Jenna;Caffey;1-970-699-4022;Consumer;;Manzini;Manzini;Swaziland;Southern Africa;Africa;Street;STORE-268;754 Maple Blvd;1-550-235-4931;Glasgow;Scotland;United Kingdom;OFF-BI-2901;Office Supplies;Binders;Acco Binding Machine, Economy;SilkRoad Exports;$204,36;4;0;$59,16;47,13;High;EMP-1511;Chandrakant;Chaudhri;Chandrakant Chaudhri@store.com;1-630-857-8993;Offline
182;ERP-0000182;26.03.2022;23.03.2022;LP-708086;Liz;Pelletier;1-382-238-5302;Consumer;;Rabat;Rabat-Salé-Zemmour-Zaer;Morocco;North Africa;Africa;Mall;STORE-182;235 Park Rd;1-209-972-2304;Phnom Penh;Phnom Penh;Cambodia;OFF-AR-3533;Office Supplies;Art;Boston Highlighters, Fluorescent;Pacific Traders;$20,13;1;0;$5,22;3,73;High;EMP-4763;Chandrakant;Chaudhri;Chandrakant Chaudhri@store.com;1-718-132-8106;Offline
183;ERP-0000183;26.02.2022;18.02.2022;LP-708086;Liz;Pelletier;1-382-238-5302;Consumer;;Rabat;Rabat-Salé-Zemmour-Zaer;Morocco;North Africa;Africa;Street;STORE-060;700 View St;1-451-306-4698;Xiamen;Fujian;China;FUR-FU-3955;Furniture;Furnishings;Deflect-O Stacking Tray, Black;NordicSupply AB;$50,70;2;0;$22,80;4,24;High;EMP-7138;Cansu;Peynirci;Cansu Peynirci@store.com;1-914-805-4465;Offline
184;ERP-0000184;27.03.2022;21.03.2022;LP-708086;Liz;Pelletier;1-382-238-5302;Consumer;;Rabat;Rabat-Salé-Zemmour-Zaer;Morocco;North Africa;Africa;Mall;STORE-067;49 Willow Ave;1-634-769-7967;Sunbury;Victoria;Australia;OFF-BI-3735;Office Supplies;Binders;Cardinal Hole Reinforcements, Economy;GlobalSupply Ltd;$5,34;1;0;$2,16;1,54;High;EMP-1914;Oxana;Lagunov;Oxana Lagunov@store.com;1-237-367-3525;Offline
185;ERP-0000185;19.04.2022;12.04.2022;LP-708086;Liz;Pelletier;1-382-238-5302;Consumer;;Rabat;Rabat-Salé-Zemmour-Zaer;Morocco;North Africa;Africa;Outlet;STORE-003;437 Maple St;1-687-843-2962;Mount Isa;Queensland;Australia;OFF-AR-3481;Office Supplies;Art;Binney & Smith Highlighters, Blue;InnovaSupply;$16,59;1;0;$2,46;3,44;High;EMP-8572;Lon;Bonher;Lon Bonher@store.com;1-557-271-9144;Offline
186;ERP-0000186;20.01.2026;17.01.2026;PW-903095;Pauline;Webber;1-239-809-7087;Corporate;;Lagos;Lagos;Nigeria;Western Africa;Africa;Street;STORE-012;459 Hill Pl;1-751-886-1940;Ajmer;Rajasthan;India;TEC-MA-4190;Technology;Machines;Epson Calculator, Red;NordicSupply AB;$156,82;12;0,7;-$177,98;24,65;High;EMP-1052;Marilène;Rousseau;Marilène Rousseau@store.com;1-487-755-1492;Offline
187;ERP-0000187;05.02.2026;29.01.2026;PW-903095;Pauline;Webber;1-239-809-7087;Corporate;;Lagos;Lagos;Nigeria;Western Africa;Africa;Outlet;STORE-290;145 Willow Pl;1-265-698-3861;Nanchang;Jiangxi;China;TEC-PH-3786;Technology;Phones;Cisco Audio Dock, VoIP;TransGlobal Partners;$54,65;1;0,7;-$56,47;8,61;High;EMP-1495;Nicodemo;Bautista;Nicodemo Bautista@store.com;1-787-232-1088;Offline
188;ERP-0000188;16.02.2025;15.02.2025;PR-888095;Patrick;Ryan;1-502-345-1085;Consumer;;Calabar;Cross River;Nigeria;Western Africa;Africa;Street;STORE-098;408 South Ln;1-986-395-8040;Cangzhou;Hebei;China;OFF-PA-6617;Office Supplies;Paper;Xerox Note Cards, 8.5 x 11;Pacific Traders;$73,22;8;0,7;-$168,46;10,14;High;EMP-2057;Katlego;Akosua;Katlego Akosua@store.com;1-429-497-4974;Offline
189;ERP-0000189;28.12.2024;18.12.2024;PR-888095;Patrick;Ryan;1-502-345-1085;Consumer;;Calabar;Cross River;Nigeria;Western Africa;Africa;Mall;STORE-038;654 High Ct;1-552-776-6024;Kollam;Kerala;India;TEC-PH-3805;Technology;Phones;Cisco Smart Phone, Cordless;SilkRoad Exports;$195,44;1;0,7;-$195,46;64,26;High;EMP-9222;Andile;Ihejirika;Andile Ihejirika@store.com;1-717-148-1873;Offline
190;ERP-0000190;09.01.2025;04.01.2025;PR-888095;Patrick;Ryan;1-502-345-1085;Consumer;;Calabar;Cross River;Nigeria;Western Africa;Africa;Street;STORE-108;839 Willow St;1-377-932-2765;Chongqing;Chongqing;China;FUR-BO-5969;Furniture;Bookcases;Sauder Library with Doors, Traditional;Universal Trade Co;$116,29;1;0,7;-$267,47;22,43;High;EMP-9809;Marilène;Rousseau;Marilène Rousseau@store.com;1-933-238-2227;Offline
191;ERP-0000191;21.02.2025;12.02.2025;PR-888095;Patrick;Ryan;1-502-345-1085;Consumer;;Calabar;Cross River;Nigeria;Western Africa;Africa;Outlet;STORE-289;454 Hill Rd;1-632-946-4793;Anantapur;Andhra Pradesh;India;TEC-MA-6143;Technology;Machines;StarTech Phone, Durable;GlobalSupply Ltd;$22,39;1;0,7;-$46,28;4,81;High;EMP-7352;Andile;Ihejirika;Andile Ihejirika@store.com;1-366-486-9060;Offline
192;ERP-0000192;05.03.2025;27.02.2025;PR-888095;Patrick;Ryan;1-502-345-1085;Consumer;;Calabar;Cross River;Nigeria;Western Africa;Africa;Street;STORE-065;949 Brook Ln;1-244-937-2301;Geraldton;Western Australia;Australia;OFF-BI-3292;Office Supplies;Binders;Avery Hole Reinforcements, Recycled;InnovaSupply;$20,03;14;0,7;-$18,19;4,22;High;EMP-1118;Cansu;Peynirci;Cansu Peynirci@store.com;1-325-553-9913;Offline
193;ERP-0000193;22.03.2025;13.03.2025;LS-694538;Linda;Southworth;1-377-925-4642;Corporate;;Alexandria;Al Iskandariyah;Egypt;North Africa;Africa;Outlet;STORE-215;16 Cedar Ave;1-570-433-3432;Mentougou;Beijing;China;OFF-PA-4182;Office Supplies;Paper;Enermax Parchment Paper, Multicolor;PrimeSource Ltd;$16,80;1;0;$5,04;4,63;High;EMP-5158;Gavino;Bove;Gavino Bove@store.com;1-791-485-5405;Offline
194;ERP-0000194;06.04.2025;04.04.2025;LS-694538;Linda;Southworth;1-377-925-4642;Corporate;;Alexandria;Al Iskandariyah;Egypt;North Africa;Africa;Outlet;STORE-113;248 Pine Blvd;1-829-118-5267;Cologne;North Rhine-Westphalia;Germany;OFF-BI-6380;Office Supplies;Binders;Wilson Jones Binder, Economy;GreenField Distributors;$52,08;4;0;$16,08;5,79;High;EMP-4759;Gavino;Bove;Gavino Bove@store.com;1-679-120-8022;Offline
195;ERP-0000195;25.02.2025;24.02.2025;LS-694538;Linda;Southworth;1-377-925-4642;Corporate;;Alexandria;Al Iskandariyah;Egypt;North Africa;Africa;Mall;STORE-246;262 Forest Ct;1-948-987-1261;Karimnagar;Telangana;India;OFF-AP-4743;Office Supplies;Appliances;Hoover Stove, Red;AsiaTrade Group;$568,47;1;0;$284,22;90,29;High;EMP-2471;Dolores;Davis;Dolores Davis@store.com;1-421-455-1560;Offline
196;ERP-0000196;02.02.2025;31.01.2025;LS-694538;Linda;Southworth;1-377-925-4642;Corporate;;Alexandria;Al Iskandariyah;Egypt;North Africa;Africa;Mall;STORE-281;487 Lake Ct;1-503-244-9449;Ballarat;Victoria;Australia;OFF-AR-6123;Office Supplies;Art;Stanley Pens, Fluorescent;Pacific Traders;$11,31;1;0;$0,99;1,97;High;EMP-5372;Oxana;Lagunov;Oxana Lagunov@store.com;1-645-586-6740;Offline
197;ERP-0000197;18.03.2023;12.03.2023;MB-7305117;Maria;Bertelson;1-224-768-7393;Consumer;;Cape Town;Western Cape;South Africa;Southern Africa;Africa;Outlet;STORE-191;124 High Ln;1-211-472-6928;Kozhikode;Kerala;India;OFF-AR-5931;Office Supplies;Art;Sanford Sketch Pad, Easy-Erase;PrimeSource Ltd;$45,75;1;0;$21,03;5,37;High;EMP-2836;Preecha;Metharom;Preecha Metharom@store.com;1-269-463-9412;Offline
198;ERP-0000198;19.12.2023;11.12.2023;LH-69004;Lena;Hernandez;1-248-633-3954;Consumer;;Luanda;Luanda;Angola;Central Africa;Africa;Outlet;STORE-275;48 Pine St;1-494-521-1987;Bengbu;Anhui;China;TEC-PH-5842;Technology;Phones;Samsung Smart Phone, with Caller ID;InnovaSupply;$636,15;1;0;$311,70;31,59;High;EMP-1318;Flannery;Newton;Flannery Newton@store.com;1-645-902-8761;Offline
199;ERP-0000199;13.01.2023;04.01.2023;ME-732095;Maria;Etezadi;1-601-258-7076;Home Office;;Lagos;Lagos;Nigeria;Western Africa;Africa;Mall;STORE-278;761 Maple Rd;1-460-666-7978;La Roche-sur-Yon;Pays de la Loire;France;TEC-MA-5493;Technology;Machines;Okidata Calculator, Durable;WorldConnect Trade;$15,72;1;0,7;-$33,03;2,57;High;EMP-3243;Andile;Ihejirika;Andile Ihejirika@store.com;1-932-231-8183;Offline
200;ERP-0000200;29.01.2023;26.01.2023;ME-732095;Maria;Etezadi;1-601-258-7076;Home Office;;Lagos;Lagos;Nigeria;Western Africa;Africa;Outlet;STORE-127;102 View Rd;1-916-403-7310;Pingxiang;Jiangxi;China;OFF-LA-3261;Office Supplies;Labels;Avery Color Coded Labels, Adjustable;SmartLogistics Ltd;$6,71;2;0,7;-$13,03;1,67;High;EMP-6348;Wasswa;Ahmed;Wasswa Ahmed@store.com;1-716-401-1453;Offline
201;ERP-0000201;25.11.2022;16.11.2022;ME-732095;Maria;Etezadi;1-601-258-7076;Home Office;;Lagos;Lagos;Nigeria;Western Africa;Africa;Street;STORE-257;195 Garden Ct;1-616-170-5071;Nanyang;Henan;China;OFF-AR-6124;Office Supplies;Art;Stanley Pens, Water Color;Pacific Traders;$7,94;2;0,7;-$10,06;1,63;High;EMP-3418;Wasswa;Ahmed;Wasswa Ahmed@store.com;1-680-929-3685;Offline
202;ERP-0000202;24.01.2026;23.01.2026;BO-1350117;Bill;Overfelt;1-778-694-4452;Corporate;;East London;Eastern Cape;South Africa;Southern Africa;Africa;Street;STORE-297;175 Pine Rd;1-920-167-6541;Bhavnagar;Gujarat;India;OFF-AR-3533;Office Supplies;Art;Boston Highlighters, Fluorescent;Pacific Traders;$120,78;6;0;$31,32;6,35;High;EMP-5217;Chandrakant;Chaudhri;Chandrakant Chaudhri@store.com;1-928-508-3111;Offline
203;ERP-0000203;15.02.2026;14.02.2026;BO-1350117;Bill;Overfelt;1-778-694-4452;Corporate;;East London;Eastern Cape;South Africa;Southern Africa;Africa;Outlet;STORE-222;165 Maple Ct;1-347-952-2757;Ho Chi Minh City;Ho Chí Minh City;Vietnam;OFF-BI-6375;Office Supplies;Binders;Wilson Jones Binder Covers, Durable;InnovaSupply;$12,69;1;0;$5,82;2,35;High;EMP-8772;Hadia;Bousaid;Hadia Bousaid@store.com;1-508-358-7387;Offline
204;ERP-0000204;10.01.2026;06.01.2026;BO-1350117;Bill;Overfelt;1-778-694-4452;Corporate;;East London;Eastern Cape;South Africa;Southern Africa;Africa;Outlet;STORE-048;892 Spring Rd;1-367-683-2501;Palermo;Sicily;Italy;OFF-BI-3189;Office Supplies;Binders;Avery 3-Hole Punch, Recycled;TransGlobal Partners;$56,46;2;0;$0,00;8,13;High;EMP-6707;Preecha;Metharom;Preecha Metharom@store.com;1-284-803-7960;Offline
205;ERP-0000205;12.08.2025;07.08.2025;NP-870095;Nora;Preis;1-816-645-2727;Consumer;;Kaduna;Kaduna;Nigeria;Western Africa;Africa;Mall;STORE-189;264 Brook Ct;1-254-178-6587;Ulhasnagar;Maharashtra;India;OFF-ST-4096;Office Supplies;Storage;Eldon Shelving, Single Width;WorldConnect Trade;$58,14;4;0,7;-$135,66;8,53;High;EMP-1264;Vasco;Magalhães;Vasco Magalhães@store.com;1-511-548-7492;Offline
206;ERP-0000206;18.06.2025;16.06.2025;NP-870095;Nora;Preis;1-816-645-2727;Consumer;;Kaduna;Kaduna;Nigeria;Western Africa;Africa;Outlet;STORE-085;229 Cedar St;1-494-703-6558;Kawasaki;Kanagawa;Japan;FUR-BO-3616;Furniture;Bookcases;Bush 3-Shelf Cabinet, Mobile;UrbanGoods Co;$87,53;2;0,7;-$160,51;21,75;High;EMP-6715;Marilène;Rousseau;Marilène Rousseau@store.com;1-411-512-1532;Offline
207;ERP-0000207;19.01.2026;16.01.2026;BT-168022;Brian;Thompson;1-613-906-2910;Consumer;;Yaounde;Centre;Cameroon;Central Africa;Africa;Street;STORE-012;459 Hill Pl;1-751-886-1940;Ajmer;Rajasthan;India;TEC-AC-4171;Technology;Accessories;Enermax Mouse, Bluetooth;SilkRoad Exports;$40,29;1;0;$4,83;3,82;High;EMP-9548;Gilbert;Wolff;Gilbert Wolff@store.com;1-388-281-2652;Offline
208;ERP-0000208;04.04.2022;28.03.2022;MA-79954;Michelle;Arnett;1-698-858-404;Home Office;;Luanda;Luanda;Angola;Central Africa;Africa;Mall;STORE-245;806 Lake Dr;1-446-552-5929;Fatehpur;Rajasthan;India;FUR-BO-3627;Furniture;Bookcases;Bush Classic Bookcase, Traditional;CrossBorder Supply;$825,36;2;0;$338,34;88,97;High;EMP-7195;Oxana;Lagunov;Oxana Lagunov@store.com;1-625-267-7002;Offline
209;ERP-0000209;19.03.2022;13.03.2022;MA-79954;Michelle;Arnett;1-698-858-404;Home Office;;Luanda;Luanda;Angola;Central Africa;Africa;Outlet;STORE-183;920 Forest Rd;1-417-445-4452;Toowoomba;Queensland;Australia;OFF-ST-4107;Office Supplies;Storage;Eldon Trays, Single Width;SilkRoad Exports;$48,00;1;0;$15,84;7,92;High;EMP-9021;Lon;Bonher;Lon Bonher@store.com;1-889-425-8477;Offline
210;ERP-0000210;24.03.2022;19.03.2022;MA-79954;Michelle;Arnett;1-698-858-404;Home Office;;Luanda;Luanda;Angola;Central Africa;Africa;Mall;STORE-134;26 Pine Ct;1-812-264-7261;Nizamabad;Telangana;India;OFF-ST-6067;Office Supplies;Storage;Smead Trays, Single Width;Atlantic Logistics;$48,51;1;0;$15,51;11,64;High;EMP-4527;Gilbert;Wolff;Gilbert Wolff@store.com;1-744-276-7565;Offline
211;ERP-0000211;19.09.2024;11.09.2024;RB-96453;Robert;Barroso;1-278-996-1605;Corporate;;Barika;Batna;Algeria;North Africa;Africa;Street;STORE-011;581 Lake Dr;1-873-573-7619;Shulan;Jilin;China;FUR-BO-5955;Furniture;Bookcases;Sauder Corner Shelving, Traditional;PrimeSource Ltd;$147,30;1;0;$10,29;50,56;Critical;EMP-3078;Lynne;Marchand;Lynne Marchand@store.com;1-279-267-2039;Offline
212;ERP-0000212;23.02.2026;17.02.2026;CR-273095;Craig;Reiter;1-869-313-8251;Consumer;;Lagos;Lagos;Nigeria;Western Africa;Africa;Mall;STORE-111;609 Willow Ave;1-629-864-2469;Xi'an;Shaanxi;China;OFF-LA-4527;Office Supplies;Labels;Harbour Creations Color Coded Labels, Adjustable;InnovaSupply;$12,96;4;0,7;-$24,24;1,65;High;EMP-5435;Kauri;Anaru;Kauri Anaru@store.com;1-439-752-2268;Offline
213;ERP-0000213;01.03.2026;23.02.2026;CR-273095;Craig;Reiter;1-869-313-8251;Consumer;;Lagos;Lagos;Nigeria;Western Africa;Africa;Mall;STORE-140;130 Park Rd;1-754-665-2503;Jambi;Jambi;Indonesia;OFF-AR-5925;Office Supplies;Art;Sanford Pens, Easy-Erase;WorldConnect Trade;$3,41;1;0,7;-$5,35;1,08;High;EMP-2317;Wasswa;Ahmed;Wasswa Ahmed@store.com;1-741-402-5550;Offline
214;ERP-0000214;15.03.2022;08.03.2022;MO-7500136;Mary;O'Rourke;1-783-99-5310;Consumer;;Kampala;Kampala;Uganda;Eastern Africa;Africa;Street;STORE-234;453 South Ct;1-969-970-5408;Jiaozuo;Henan;China;OFF-BI-3716;Office Supplies;Binders;Cardinal Binder Covers, Clear;GlobalSupply Ltd;$3,44;1;0,7;-$5,05;1,39;High;EMP-2400;Miina;Nylund;Miina Nylund@store.com;1-744-582-1708;Offline
215;ERP-0000215;27.11.2022;22.11.2022;DW-348033;Dianna;Wilson;1-497-519-5004;Home Office;;Kinshasa;Kinshasa;Democratic Republic of the Congo;Central Africa;Africa;Mall;STORE-276;967 High Ct;1-742-514-6481;Chifeng;Inner Mongolia;China;OFF-AP-3857;Office Supplies;Appliances;Cuisinart Blender, Red;BlueOcean Supply;$66,99;1;0;$24,78;19,92;High;EMP-9355;Dolores;Davis;Dolores Davis@store.com;1-427-367-8978;Offline
216;ERP-0000216;10.02.2023;02.02.2023;EM-414038;Eugene;Moren;1-386-756-5407;Home Office;;Cairo;Al Qahirah;Egypt;North Africa;Africa;Street;STORE-135;814 Pine Ln;1-884-422-1535;Yuci;Shanxi;China;OFF-SU-4986;Office Supplies;Supplies;Kleencut Scissors, High Speed;WestLine Imports;$89,16;4;0;$27,60;1,6;Medium;EMP-2008;Preecha;Metharom;Preecha Metharom@store.com;1-717-819-2738;Offline
217;ERP-0000217;24.11.2023;14.11.2023;VG-1179038;Vivek;Gonzalez;1-342-793-3952;Consumer;;Cairo;Al Qahirah;Egypt;North Africa;Africa;Outlet;STORE-164;969 Willow Ct;1-920-612-4019;Jamshedpur;Jharkhand;India;OFF-LA-4664;Office Supplies;Labels;Hon Legal Exhibit Labels, Alphabetical;UrbanGoods Co;$64,08;6;0;$2,52;5,92;Medium;EMP-1264;Marilène;Rousseau;Marilène Rousseau@store.com;1-810-900-4018;Offline
218;ERP-0000218;06.08.2025;04.08.2025;RD-948086;Rick;Duston;1-558-57-7447;Consumer;;Meknes;Meknès-Tafilalet;Morocco;North Africa;Africa;Outlet;STORE-255;104 Park Pl;1-645-753-1322;Ibaraki;Osaka;Japan;FUR-FU-3049;Furniture;Furnishings;Advantus Photo Frame, Durable;GlobalSupply Ltd;$50,01;1;0;$7,98;6,89;High;EMP-3175;Vasco;Magalhães;Vasco Magalhães@store.com;1-802-552-3792;Offline
219;ERP-0000219;07.08.2025;29.07.2025;RD-948086;Rick;Duston;1-558-57-7447;Consumer;;Meknes;Meknès-Tafilalet;Morocco;North Africa;Africa;Outlet;STORE-030;53 Pine Rd;1-271-833-5755;Wuchang;Heilongjiang;China;FUR-FU-3025;Furniture;Furnishings;Advantus Clock, Durable;TransGlobal Partners;$193,68;4;0;$11,52;36,88;High;EMP-8249;Lon;Bonher;Lon Bonher@store.com;1-794-442-4780;Offline
220;ERP-0000220;29.04.2024;22.04.2024;NS-850595;Neola;Schneider;1-918-577-640;Consumer;;Kano;Kano;Nigeria;Western Africa;Africa;Mall;STORE-246;262 Forest Ct;1-948-987-1261;Karimnagar;Telangana;India;OFF-AP-4508;Office Supplies;Appliances;Hamilton Beach Stove, White;GreenField Distributors;$648,58;4;0,7;-$886,46;151,84;High;EMP-5387;Chandrakant;Chaudhri;Chandrakant Chaudhri@store.com;1-852-363-7307;Offline
221;ERP-0000221;14.04.2024;13.04.2024;NS-850595;Neola;Schneider;1-918-577-640;Consumer;;Kano;Kano;Nigeria;Western Africa;Africa;Outlet;STORE-142;756 Park Rd;1-409-558-9048;Armidale;New South Wales;Australia;TEC-CO-4580;Technology;Copiers;Hewlett Ink, Digital;WorldConnect Trade;$44,50;1;0,7;-$37,10;9,99;High;EMP-2657;Angela;Jephson;Angela Jephson@store.com;1-639-304-8837;Offline
222;ERP-0000222;03.04.2024;02.04.2024;NS-850595;Neola;Schneider;1-918-577-640;Consumer;;Kano;Kano;Nigeria;Western Africa;Africa;Street;STORE-123;402 South Ln;1-567-784-2977;Saint-Priest;Auvergne-Rhône-Alpes;France;OFF-AP-4499;Office Supplies;Appliances;Hamilton Beach Microwave, Silver;AsiaTrade Group;$84,98;1;0,7;-$189,79;16,46;High;EMP-5000;Nicodemo;Bautista;Nicodemo Bautista@store.com;1-581-375-4440;Offline
223;ERP-0000223;29.04.2024;28.04.2024;NS-850595;Neola;Schneider;1-918-577-640;Consumer;;Kano;Kano;Nigeria;Western Africa;Africa;Outlet;STORE-273;913 Hill Ln;1-375-850-3078;Ningbo;Zhejiang;China;OFF-BI-2898;Office Supplies;Binders;Acco Binder, Recycled;EastBridge Commerce;$9,31;2;0,7;-$20,81;1,76;High;EMP-8341;Preecha;Metharom;Preecha Metharom@store.com;1-812-367-2117;Offline
224;ERP-0000224;27.06.2023;25.06.2023;RA-9285117;Ralph;Arnett;1-939-602-1839;Consumer;;Newcastle;Kwazulu-natal;South Africa;Southern Africa;Africa;Outlet;STORE-054;613 Maple Dr;1-953-359-1369;Shouguang;Shandong;China;OFF-AR-3467;Office Supplies;Art;BIC Pens, Water Color;GreenField Distributors;$17,46;1;0;$7,14;3,23;Critical;EMP-3491;Angela;Jephson;Angela Jephson@store.com;1-534-350-5085;Offline
225;ERP-0000225;03.05.2023;29.04.2023;RA-9285117;Ralph;Arnett;1-939-602-1839;Consumer;;Newcastle;Kwazulu-natal;South Africa;Southern Africa;Africa;Mall;STORE-291;925 Park St;1-696-486-4733;Aligarh;Uttar Pradesh;India;FUR-BO-5948;Furniture;Bookcases;Sauder Classic Bookcase, Metal;WorldConnect Trade;$435,45;1;0;$65,31;83,41;Critical;EMP-3104;Miina;Nylund;Miina Nylund@store.com;1-265-422-1135;Offline
226;ERP-0000226;16.05.2023;13.05.2023;RA-9285117;Ralph;Arnett;1-939-602-1839;Consumer;;Newcastle;Kwazulu-natal;South Africa;Southern Africa;Africa;Mall;STORE-050;588 Garden Pl;1-595-193-9018;Shenzhen;Guangdong;China;TEC-MA-5573;Technology;Machines;Panasonic Printer, White;NordicSupply AB;$529,80;2;0;$116,52;116,69;Critical;EMP-8109;Lindiwe;Afolayan;Lindiwe Afolayan@store.com;1-969-637-2530;Offline
227;ERP-0000227;24.05.2023;18.05.2023;RA-9285117;Ralph;Arnett;1-939-602-1839;Consumer;;Newcastle;Kwazulu-natal;South Africa;Southern Africa;Africa;Mall;STORE-124;280 Brook Rd;1-617-707-3929;Launceston;Tasmania;Australia;OFF-BI-3293;Office Supplies;Binders;Avery Index Tab, Clear;WorldConnect Trade;$6,33;1;0;$0,24;2,39;Critical;EMP-8611;Gilbert;Wolff;Gilbert Wolff@store.com;1-323-596-9933;Offline
228;ERP-0000228;21.05.2023;13.05.2023;RA-9285117;Ralph;Arnett;1-939-602-1839;Consumer;;Newcastle;Kwazulu-natal;South Africa;Southern Africa;Africa;Street;STORE-284;240 Maple Rd;1-302-408-8980;Bacolod City;Western Visayas;Philippines;OFF-BI-6381;Office Supplies;Binders;Wilson Jones Binder, Recycled;SmartLogistics Ltd;$13,38;1;0;$5,07;4,65;Critical;EMP-7786;Marilène;Rousseau;Marilène Rousseau@store.com;1-863-936-4601;Offline
229;ERP-0000229;28.02.2026;20.02.2026;GM-444038;Gary;McGarr;1-361-634-4370;Consumer;;Cairo;Al Qahirah;Egypt;North Africa;Africa;Street;STORE-001;288 North Blvd;1-226-770-3227;Bihar Sharif;Bihar;India;OFF-EN-4903;Office Supplies;Envelopes;Jiffy Business Envelopes, Recycled;Pacific Traders;$18,36;1;0;$3,30;3,26;High;EMP-3889;Preecha;Metharom;Preecha Metharom@store.com;1-282-970-5647;Offline
230;ERP-0000230;04.01.2026;26.12.2025;GM-444038;Gary;McGarr;1-361-634-4370;Consumer;;Cairo;Al Qahirah;Egypt;North Africa;Africa;Outlet;STORE-221;193 Park Blvd;1-858-719-7702;Jiutai;Jilin;China;OFF-ST-4282;Office Supplies;Storage;Fellowes Shelving, Blue;CrossBorder Supply;$115,68;2;0;$42,78;26,25;High;EMP-7304;Andile;Ihejirika;Andile Ihejirika@store.com;1-321-904-4372;Offline
231;ERP-0000231;30.10.2022;22.10.2022;BM-165095;Brian;Moss;1-688-934-5749;Corporate;;Lagos;Lagos;Nigeria;Western Africa;Africa;Street;STORE-190;276 North Blvd;1-681-989-2945;Siping;Jilin;China;OFF-BI-4816;Office Supplies;Binders;Ibico Binding Machine, Durable;EuroImport GmbH;$31,75;2;0,7;-$25,43;11,03;Critical;EMP-1146;Katlego;Akosua;Katlego Akosua@store.com;1-672-794-1482;Offline
232;ERP-0000232;23.01.2024;14.01.2024;AG-27086;Alejandro;Grove;1-855-715-4268;Consumer;;Sale;Rabat-Salé-Zemmour-Zaer;Morocco;North Africa;Africa;Street;STORE-002;26 Forest Dr;1-946-957-7067;Surat;Gujarat;India;FUR-FU-4086;Furniture;Furnishings;Eldon Photo Frame, Erganomic;GreenField Distributors;$56,73;1;0;$19,26;14,7;Medium;EMP-5204;Vasco;Magalhães;Vasco Magalhães@store.com;1-443-673-3061;Offline
233;ERP-0000233;27.07.2024;18.07.2024;JB-5400117;Jennifer;Braxton;1-336-860-9783;Corporate;;Johannesburg;Gauteng;South Africa;Southern Africa;Africa;Mall;STORE-242;258 Willow Ln;1-965-509-1857;Bekasi;Jawa Barat;Indonesia;FUR-TA-4712;Furniture;Tables;Hon Wood Table, Rectangular;CrossBorder Supply;$1 057,80;2;0;$158,64;304,36;Critical;EMP-6925;Cansu;Peynirci;Cansu Peynirci@store.com;1-626-434-7634;Offline
234;ERP-0000234;16.05.2024;15.05.2024;JB-5400117;Jennifer;Braxton;1-336-860-9783;Corporate;;Johannesburg;Gauteng;South Africa;Southern Africa;Africa;Street;STORE-096;226 Maple Blvd;1-795-633-6083;Quetta;Baluchistan;Pakistan;FUR-CH-5407;Furniture;Chairs;Novimex Steel Folding Chair, Black;SkyWay Trading;$319,20;4;0;$54,24;82,5;Critical;EMP-5675;Lindiwe;Afolayan;Lindiwe Afolayan@store.com;1-821-710-8525;Offline
235;ERP-0000235;28.01.2024;27.01.2024;CV-2805129;Cynthia;Voltz;1-332-417-5159;Corporate;;Musoma;Mara;Tanzania;Eastern Africa;Africa;Street;STORE-093;601 Forest St;1-875-713-1475;Guilin;Guangxi;China;OFF-ST-4268;Office Supplies;Storage;Fellowes Lockers, Single Width;BlueOcean Supply;$186,62;1;0,1;$14,51;36,71;Critical;EMP-3129;Hadia;Bousaid;Hadia Bousaid@store.com;1-479-417-1674;Offline
236;ERP-0000236;15.05.2024;06.05.2024;BT-139586;Bill;Tyler;1-641-185-3094;Corporate;;Tetouan;Tanger-Tétouan;Morocco;North Africa;Africa;Street;STORE-256;392 Cedar Dr;1-273-401-5976;Sangli;Maharashtra;India;OFF-LA-4529;Office Supplies;Labels;Harbour Creations Color Coded Labels, Laser Printer Compatible;EuroImport GmbH;$51,60;4;0;$10,80;11,83;High;EMP-5190;Gavino;Bove;Gavino Bove@store.com;1-990-749-1468;Offline
237;ERP-0000237;10.06.2024;05.06.2024;BT-139586;Bill;Tyler;1-641-185-3094;Corporate;;Tetouan;Tanger-Tétouan;Morocco;North Africa;Africa;Street;STORE-174;575 Brook Ln;1-880-929-7860;Manado;Sulawesi Utara;Indonesia;OFF-PA-4182;Office Supplies;Paper;Enermax Parchment Paper, Multicolor;PrimeSource Ltd;$16,80;1;0;$5,04;2,8;High;EMP-8232;Vasco;Magalhães;Vasco Magalhães@store.com;1-455-839-2415;Offline
238;ERP-0000238;09.03.2026;05.03.2026;PO-918038;Philisse;Overcash;1-433-94-5549;Home Office;;Cairo;Al Qahirah;Egypt;North Africa;Africa;Mall;STORE-126;883 Forest Dr;1-443-852-3752;Jember;Jawa Timur;Indonesia;OFF-FA-3019;Office Supplies;Fasteners;Advantus Clamps, 12 Pack;EastBridge Commerce;$18,72;1;0;$2,97;2,28;Critical;EMP-4707;Lindiwe;Afolayan;Lindiwe Afolayan@store.com;1-680-986-6803;Offline
239;ERP-0000239;28.02.2026;27.02.2026;PO-918038;Philisse;Overcash;1-433-94-5549;Home Office;;Cairo;Al Qahirah;Egypt;North Africa;Africa;Outlet;STORE-286;988 North Ct;1-721-923-1578;Can Tho;Tỉnh Cần Thơ;Vietnam;OFF-AR-3489;Office Supplies;Art;Binney & Smith Markers, Easy-Erase;Atlantic Logistics;$24,36;1;0;$9,72;7,37;Critical;EMP-7654;Marilène;Rousseau;Marilène Rousseau@store.com;1-947-395-8072;Offline
240;ERP-0000240;06.11.2022;29.10.2022;JD-589533;Jonathan;Doherty;1-556-896-5986;Corporate;;Kinshasa;Kinshasa;Democratic Republic of the Congo;Central Africa;Africa;Mall;STORE-022;107 Spring Ave;1-357-603-1009;Noda;Chiba;Japan;OFF-BI-3253;Office Supplies;Binders;Avery Binder, Economy;EastBridge Commerce;$12,90;1;0;$5,01;2,88;Critical;EMP-7145;Vasco;Magalhães;Vasco Magalhães@store.com;1-721-640-7864;Offline
241;ERP-0000241;19.08.2022;13.08.2022;JD-589533;Jonathan;Doherty;1-556-896-5986;Corporate;;Kinshasa;Kinshasa;Democratic Republic of the Congo;Central Africa;Africa;Mall;STORE-154;529 Brook Pl;1-259-944-8022;Ranchi;Jharkhand;India;OFF-PA-4461;Office Supplies;Paper;Green Bar Cards & Envelopes, 8.5 x 11;PrimeSource Ltd;$105,06;2;0;$18,90;41,86;Critical;EMP-8524;Preecha;Metharom;Preecha Metharom@store.com;1-531-927-3820;Offline
242;ERP-0000242;12.04.2024;11.04.2024;CM-2655133;Corinna;Mitchell;1-755-328-2505;Home Office;;Tunis;Tunis;Tunisia;North Africa;Africa;Outlet;STORE-196;367 High Dr;1-627-265-6002;Bucheon;Gyeonggi;South Korea;OFF-AR-3459;Office Supplies;Art;BIC Markers, Water Color;WorldConnect Trade;$29,61;1;0;$10,35;3,59;Medium;EMP-8498;Vasco;Magalhães;Vasco Magalhães@store.com;1-343-594-3331;Offline
243;ERP-0000243;21.08.2024;19.08.2024;TT-1126538;Tim;Taslimi;1-293-532-3332;Corporate;;Cairo;Al Qahirah;Egypt;North Africa;Africa;Mall;STORE-118;35 Pine St;1-344-456-1653;Bhatpara;West Bengal;India;OFF-AR-3483;Office Supplies;Art;Binney & Smith Highlighters, Fluorescent;SilkRoad Exports;$17,85;1;0;$1,41;2,61;Medium;EMP-5230;Vasco;Magalhães;Vasco Magalhães@store.com;1-316-632-2847;Offline
244;ERP-0000244;18.08.2024;08.08.2024;TT-1126538;Tim;Taslimi;1-293-532-3332;Corporate;;Cairo;Al Qahirah;Egypt;North Africa;Africa;Outlet;STORE-289;454 Hill Rd;1-632-946-4793;Anantapur;Andhra Pradesh;India;OFF-ST-4097;Office Supplies;Storage;Eldon Shelving, Wire Frame;GlobalSupply Ltd;$47,49;1;0;$3,78;3,82;Medium;EMP-2029;Angela;Jephson;Angela Jephson@store.com;1-231-992-2996;Offline
245;ERP-0000245;30.01.2023;20.01.2023;CR-262595;Corey;Roper;1-785-202-6037;Home Office;;Lagos;Lagos;Nigeria;Western Africa;Africa;Street;STORE-229;28 Forest Blvd;1-723-800-4697;Srinagar;Uttarakhand;India;TEC-MA-5012;Technology;Machines;Konica Phone, White;BlueOcean Supply;$25,38;1;0,7;-$29,61;5,97;High;EMP-2827;Katlego;Akosua;Katlego Akosua@store.com;1-729-633-7080;Offline
246;ERP-0000246;17.12.2022;16.12.2022;CR-262595;Corey;Roper;1-785-202-6037;Home Office;;Lagos;Lagos;Nigeria;Western Africa;Africa;Street;STORE-070;430 Brook Ln;1-478-136-9157;Nishinomiya;Hyogo;Japan;TEC-PH-5829;Technology;Phones;Samsung Office Telephone, Cordless;WorldConnect Trade;$20,42;1;0,7;-$37,45;4,3;High;EMP-5617;Cansu;Peynirci;Cansu Peynirci@store.com;1-932-273-9136;Offline
247;ERP-0000247;23.06.2025;14.06.2025;FH-4275146;Frank;Hawley;1-505-110-3744;Corporate;;Ndola;Copperbelt;Zambia;Eastern Africa;Africa;Mall;STORE-013;961 Forest Pl;1-700-913-5120;Townsville;Queensland;Australia;OFF-AR-5917;Office Supplies;Art;Sanford Markers, Blue;BlueOcean Supply;$23,25;1;0;$4,41;5,29;Medium;EMP-4912;Katlego;Akosua;Katlego Akosua@store.com;1-932-144-6148;Offline
248;ERP-0000248;11.07.2024;10.07.2024;KC-625595;Karen;Carlisle;1-939-626-4259;Corporate;;Shagamu;Ogun;Nigeria;Western Africa;Africa;Outlet;STORE-009;326 North Blvd;1-913-259-3649;Lanzhou;Gansu;China;FUR-BO-3635;Furniture;Bookcases;Bush Floating Shelf Set, Mobile;SkyWay Trading;$104,27;2;0,7;-$156,43;14,24;Medium;EMP-6985;Gavino;Bove;Gavino Bove@store.com;1-839-418-8524;Offline
249;ERP-0000249;01.08.2024;23.07.2024;KC-625595;Karen;Carlisle;1-939-626-4259;Corporate;;Shagamu;Ogun;Nigeria;Western Africa;Africa;Street;STORE-099;810 Lake Pl;1-315-723-6757;Gujranwala;Punjab;Pakistan;TEC-CO-6007;Technology;Copiers;Sharp Personal Copier, High-Speed;Universal Trade Co;$35,46;1;0,7;-$34,29;4,9;Medium;EMP-4547;Lindiwe;Afolayan;Lindiwe Afolayan@store.com;1-286-414-7991;Offline
250;ERP-0000250;19.10.2025;14.10.2025;TT-11265117;Tim;Taslimi;1-293-532-3332;Corporate;;Johannesburg;Gauteng;South Africa;Southern Africa;Africa;Outlet;STORE-205;922 Pine Ln;1-583-659-8551;Maisons-Laffitte;Ile-de-France;France;OFF-BI-6400;Office Supplies;Binders;Wilson Jones Hole Reinforcements, Recycled;SmartLogistics Ltd;$19,56;4;0;$4,68;1,39;Medium;EMP-6561;Flannery;Newton;Flannery Newton@store.com;1-779-590-9072;Offline
251;ERP-0000251;14.12.2025;08.12.2025;TT-11265117;Tim;Taslimi;1-293-532-3332;Corporate;;Johannesburg;Gauteng;South Africa;Southern Africa;Africa;Mall;STORE-008;655 High Ln;1-510-211-5818;Bhubaneswar;Odisha;India;FUR-FU-3037;Furniture;Furnishings;Advantus Light Bulb, Duo Pack;EuroImport GmbH;$40,26;2;0;$8,04;1,45;Medium;EMP-9241;Lynne;Marchand;Lynne Marchand@store.com;1-825-415-8508;Offline
252;ERP-0000252;06.11.2025;28.10.2025;RD-972033;Roger;Demir;1-584-431-2055;Consumer;;Kananga;Kasai-Occidental;Democratic Republic of the Congo;Central Africa;Africa;Outlet;STORE-206;117 View Blvd;1-854-728-8053;Caloocan;National Capital;Philippines;OFF-AR-3460;Office Supplies;Art;BIC Pencil Sharpener, Blue;GlobalSupply Ltd;$29,01;1;0;$11,88;5,81;High;EMP-4903;Nora;Cuijper;Nora Cuijper@store.com;1-730-356-9348;Offline
253;ERP-0000253;25.11.2025;19.11.2025;RD-972033;Roger;Demir;1-584-431-2055;Consumer;;Kananga;Kasai-Occidental;Democratic Republic of the Congo;Central Africa;Africa;Street;STORE-007;47 Cedar St;1-421-700-3354;Darwin;Northern Territory;Australia;OFF-BI-6379;Office Supplies;Binders;Wilson Jones Binder, Durable;Universal Trade Co;$58,08;4;0;$2,28;10;High;EMP-2355;Flannery;Newton;Flannery Newton@store.com;1-462-787-2259;Offline
254;ERP-0000254;19.01.2026;09.01.2026;RD-972033;Roger;Demir;1-584-431-2055;Consumer;;Kananga;Kasai-Occidental;Democratic Republic of the Congo;Central Africa;Africa;Outlet;STORE-181;391 Pine Blvd;1-602-973-2500;Xining;Qinghai;China;TEC-PH-5251;Technology;Phones;Motorola Headset, Cordless;SmartLogistics Ltd;$165,18;2;0;$52,80;27,44;High;EMP-7081;Wasswa;Ahmed;Wasswa Ahmed@store.com;1-715-150-2586;Offline
255;ERP-0000255;25.03.2022;24.03.2022;AG-90095;Arthur;Gainer;1-915-905-4082;Consumer;;Kano;Kano;Nigeria;Western Africa;Africa;Mall;STORE-038;654 High Ct;1-552-776-6024;Kollam;Kerala;India;OFF-BI-4828;Office Supplies;Binders;Ibico Index Tab, Clear;WestLine Imports;$5,02;2;0,7;-$5,54;2,01;Critical;EMP-6022;Dolores;Davis;Dolores Davis@store.com;1-353-743-3893;Offline
256;ERP-0000256;29.04.2022;27.04.2022;AG-90095;Arthur;Gainer;1-915-905-4082;Consumer;;Kano;Kano;Nigeria;Western Africa;Africa;Mall;STORE-219;231 Maple Ave;1-643-593-5778;Ujjain;Madhya Pradesh;India;OFF-LA-4639;Office Supplies;Labels;Hon Color Coded Labels, Alphabetical;BlueOcean Supply;$3,79;1;0,7;-$8,60;1,6;Critical;EMP-9656;Angela;Jephson;Angela Jephson@store.com;1-202-465-8214;Offline
257;ERP-0000257;24.11.2024;15.11.2024;SA-1083095;Sue;Reed;1-876-816-5335;Consumer;;Lagos;Lagos;Nigeria;Western Africa;Africa;Outlet;STORE-128;791 Spring Pl;1-304-134-9106;Antipolo;Calabarzon;Philippines;TEC-CO-4582;Technology;Copiers;Hewlett Ink, Laser;UrbanGoods Co;$44,60;1;0,7;-$86,26;8,97;High;EMP-3282;Miina;Nylund;Miina Nylund@store.com;1-541-217-1974;Offline
258;ERP-0000258;20.08.2025;14.08.2025;FM-429095;Frank;Merwin;1-610-886-1119;Home Office;;Gombe;Gombe;Nigeria;Western Africa;Africa;Outlet;STORE-089;410 Cedar Ct;1-729-719-5626;Frontignan;Languedoc-Roussillon-Midi-Pyrénées;France;OFF-AR-5933;Office Supplies;Art;Sanford Sketch Pad, Water Color;PrimeSource Ltd;$29,20;2;0,7;-$22,40;4,97;High;EMP-3804;Marilène;Rousseau;Marilène Rousseau@store.com;1-269-827-9381;Offline
259;ERP-0000259;27.08.2025;22.08.2025;FM-429095;Frank;Merwin;1-610-886-1119;Home Office;;Gombe;Gombe;Nigeria;Western Africa;Africa;Outlet;STORE-023;520 South Dr;1-533-888-4010;Nha Trang;Khánh Hòa;Vietnam;OFF-AR-3484;Office Supplies;Art;Binney & Smith Highlighters, Water Color;EastBridge Commerce;$5,93;1;0,7;-$5,56;1,2;High;EMP-8949;Nora;Cuijper;Nora Cuijper@store.com;1-621-857-6721;Offline
260;ERP-0000260;30.01.2023;22.01.2023;LC-6885147;Lena;Creighton;1-379-139-4085;Consumer;;Harare;Harare;Zimbabwe;Eastern Africa;Africa;Mall;STORE-059;974 Maple Dr;1-696-991-6965;Jodhpur;Rajasthan;India;OFF-SU-4304;Office Supplies;Supplies;Fiskars Box Cutter, High Speed;InnovaSupply;$10,66;1;0,7;-$12,44;2,89;High;EMP-4114;Flannery;Newton;Flannery Newton@store.com;1-876-377-8253;Offline
261;ERP-0000261;21.03.2023;19.03.2023;LC-6885147;Lena;Creighton;1-379-139-4085;Consumer;;Harare;Harare;Zimbabwe;Eastern Africa;Africa;Street;STORE-107;784 Spring Pl;1-633-279-8140;Dewas;Madhya Pradesh;India;OFF-ST-6248;Office Supplies;Storage;Tenex File Cart, Single Width;NordicSupply AB;$161,53;4;0,7;-$123,95;20,45;High;EMP-3749;Wasswa;Ahmed;Wasswa Ahmed@store.com;1-386-460-6368;Offline
262;ERP-0000262;03.03.2023;23.02.2023;LC-6885147;Lena;Creighton;1-379-139-4085;Consumer;;Harare;Harare;Zimbabwe;Eastern Africa;Africa;Mall;STORE-057;307 Brook St;1-543-327-9996;Chengdu;Sichuan;China;OFF-SU-4990;Office Supplies;Supplies;Kleencut Shears, High Speed;EuroImport GmbH;$56,12;4;0,7;-$50,56;12,77;High;EMP-5095;Kauri;Anaru;Kauri Anaru@store.com;1-937-974-6506;Offline
263;ERP-0000263;19.01.2023;12.01.2023;LC-6885147;Lena;Creighton;1-379-139-4085;Consumer;;Harare;Harare;Zimbabwe;Eastern Africa;Africa;Mall;STORE-066;883 Spring St;1-443-722-5623;Aberdeen;Scotland;United Kingdom;OFF-AR-5932;Office Supplies;Art;Sanford Sketch Pad, Fluorescent;SkyWay Trading;$112,18;8;0,7;-$86,06;26,84;High;EMP-8293;Kaoru;Xun;Kaoru Xun@store.com;1-697-711-4335;Offline
264;ERP-0000264;22.09.2024;14.09.2024;LS-723029;Lycoris;Saunders;1-275-345-2912;Consumer;;Abidjan;Lagunes;Cote d'Ivoire;Western Africa;Africa;Mall;STORE-125;966 Hill Blvd;1-233-325-5777;Mitry-Mory;Ile-de-France;France;OFF-BI-3289;Office Supplies;Binders;Avery Hole Reinforcements, Clear;Pacific Traders;$3,87;1;0;$0,36;1,99;Medium;EMP-6908;Flannery;Newton;Flannery Newton@store.com;1-744-149-6614;Offline
265;ERP-0000265;21.09.2024;11.09.2024;LS-723029;Lycoris;Saunders;1-275-345-2912;Consumer;;Abidjan;Lagunes;Cote d'Ivoire;Western Africa;Africa;Street;STORE-193;840 Forest Ave;1-330-123-1421;Longjumeau;Ile-de-France;France;OFF-SU-4979;Office Supplies;Supplies;Kleencut Letter Opener, High Speed;SilkRoad Exports;$26,46;1;0;$9,24;2,71;Medium;EMP-6332;Marilène;Rousseau;Marilène Rousseau@store.com;1-947-799-1488;Offline
266;ERP-0000266;10.09.2024;04.09.2024;LS-723029;Lycoris;Saunders;1-275-345-2912;Consumer;;Abidjan;Lagunes;Cote d'Ivoire;Western Africa;Africa;Outlet;STORE-014;743 High Dr;1-944-729-7647;Linhai;Zhejiang;China;OFF-PA-6611;Office Supplies;Paper;Xerox Memo Slips, Premium;PrimeSource Ltd;$13,53;1;0;$3,24;1,46;Medium;EMP-1780;Wasswa;Ahmed;Wasswa Ahmed@store.com;1-902-129-2248;Offline
267;ERP-0000267;13.09.2022;09.09.2022;HG-484538;Harry;Greene;1-488-130-115;Consumer;;Cairo;Al Qahirah;Egypt;North Africa;Africa;Outlet;STORE-300;149 Lake Ct;1-986-888-7963;Zhengzhou;Henan;China;OFF-AR-6106;Office Supplies;Art;Stanley Canvas, Easy-Erase;Atlantic Logistics;$99,48;2;0;$23,82;22,71;High;EMP-4760;Miina;Nylund;Miina Nylund@store.com;1-632-116-9117;Offline
268;ERP-0000268;26.10.2023;16.10.2023;LF-7185111;Luke;Foster;1-941-741-4347;Consumer;;Dakar;Dakar;Senegal;Western Africa;Africa;Mall;STORE-131;657 South Blvd;1-647-388-4454;Ludhiana;Punjab;India;OFF-SU-4994;Office Supplies;Supplies;Kleencut Trimmer, High Speed;EastBridge Commerce;$41,43;1;0;$11,16;12,32;Critical;EMP-3151;Lon;Bonher;Lon Bonher@store.com;1-540-783-5148;Offline
269;ERP-0000269;05.01.2025;27.12.2024;JK-532538;Jason;Klamczynski;1-908-926-6938;Corporate;;Alexandria;Al Iskandariyah;Egypt;North Africa;Africa;Mall;STORE-266;555 Lake Ln;1-240-743-2549;Coimbatore;Tamil Nadu;India;OFF-ST-4283;Office Supplies;Storage;Fellowes Shelving, Industrial;UrbanGoods Co;$58,32;1;0;$25,65;3,18;High;EMP-4597;Andile;Ihejirika;Andile Ihejirika@store.com;1-595-184-5725;Offline
270;ERP-0000270;06.02.2025;01.02.2025;TP-1156522;Tracy;Poddar;1-532-686-6987;Corporate;;Foumban;Ouest;Cameroon;Central Africa;Africa;Mall;STORE-291;925 Park St;1-696-486-4733;Aligarh;Uttar Pradesh;India;FUR-BO-4846;Furniture;Bookcases;Ikea 3-Shelf Cabinet, Pine;WestLine Imports;$143,79;1;0;$4,29;1,67;Medium;EMP-3977;Cansu;Peynirci;Cansu Peynirci@store.com;1-606-534-6311;Offline
271;ERP-0000271;06.02.2025;03.02.2025;TP-1156522;Tracy;Poddar;1-532-686-6987;Corporate;;Foumban;Ouest;Cameroon;Central Africa;Africa;Mall;STORE-175;370 Park Ct;1-971-918-6451;Yueyang;Hunan;China;OFF-ST-6248;Office Supplies;Storage;Tenex File Cart, Single Width;NordicSupply AB;$134,61;1;0;$63,24;5,59;Medium;EMP-9176;Cansu;Peynirci;Cansu Peynirci@store.com;1-676-812-7971;Offline
272;ERP-0000272;02.05.2024;28.04.2024;MF-825086;Monica;Federle;1-207-561-3712;Corporate;;Casablanca;Grand Casablanca;Morocco;North Africa;Africa;Mall;STORE-064;89 Market Rd;1-469-583-3080;Ichikawa;Chiba;Japan;OFF-AR-6120;Office Supplies;Art;Stanley Pencil Sharpener, Water Color;Universal Trade Co;$25,05;1;0;$1,50;3,77;High;EMP-2270;Cansu;Peynirci;Cansu Peynirci@store.com;1-636-373-6754;Offline
273;ERP-0000273;15.05.2023;12.05.2023;JS-559533;Jill;Stevenson;1-225-344-6800;Corporate;;Lubumbashi;Katanga;Democratic Republic of the Congo;Central Africa;Africa;Street;STORE-244;81 Willow Rd;1-422-632-7671;Hanoi;Thủ Dô Hà Nội;Vietnam;OFF-BI-2897;Office Supplies;Binders;Acco Binder, Economy;GreenField Distributors;$15,15;1;0;$2,10;6,1;Critical;EMP-4746;Wasswa;Ahmed;Wasswa Ahmed@store.com;1-692-917-3254;Offline
274;ERP-0000274;09.06.2023;06.06.2023;JS-559533;Jill;Stevenson;1-225-344-6800;Corporate;;Lubumbashi;Katanga;Democratic Republic of the Congo;Central Africa;Africa;Outlet;STORE-195;524 South Ln;1-835-792-6887;Changwon;Gyeongsangnam;South Korea;OFF-ST-4251;Office Supplies;Storage;Fellowes Box, Industrial;InnovaSupply;$40,32;2;0;$1,98;8,3;Critical;EMP-1827;Nicodemo;Bautista;Nicodemo Bautista@store.com;1-986-666-5920;Offline
275;ERP-0000275;09.10.2025;05.10.2025;BB-990122;Barry;Blumstein;1-907-502-6223;Corporate;;Bur Sudan;Red Sea;Sudan;North Africa;Africa;Mall;STORE-259;319 High Ln;1-535-203-8575;Nagaoka;Shizuoka;Japan;FUR-BO-5967;Furniture;Bookcases;Sauder Library with Doors, Mobile;CrossBorder Supply;$390,15;1;0;$58,50;72,83;Medium;EMP-2718;Hadia;Bousaid;Hadia Bousaid@store.com;1-633-920-9161;Offline
276;ERP-0000276;29.10.2025;20.10.2025;BB-990122;Barry;Blumstein;1-907-502-6223;Corporate;;Bur Sudan;Red Sea;Sudan;North Africa;Africa;Outlet;STORE-048;892 Spring Rd;1-367-683-2501;Palermo;Sicily;Italy;OFF-PA-5851;Office Supplies;Paper;SanDisk Computer Printout Paper, 8.5 x 11;SmartLogistics Ltd;$33,93;1;0;$3,72;4,25;Medium;EMP-7646;Cansu;Peynirci;Cansu Peynirci@store.com;1-970-278-6302;Offline
277;ERP-0000277;24.01.2025;22.01.2025;RL-9615117;Rob;Lucas;1-938-139-5835;Consumer;;Cape Town;Western Cape;South Africa;Southern Africa;Africa;Street;STORE-112;798 Garden Ave;1-509-782-8038;Balikpapan;Kalimantan Timur;Indonesia;OFF-LA-4696;Office Supplies;Labels;Hon Shipping Labels, Laser Printer Compatible;EastBridge Commerce;$22,74;2;0;$6,36;3,43;High;EMP-2331;Nora;Cuijper;Nora Cuijper@store.com;1-444-615-1756;Offline
278;ERP-0000278;14.03.2025;13.03.2025;RL-9615117;Rob;Lucas;1-938-139-5835;Consumer;;Cape Town;Western Cape;South Africa;Southern Africa;Africa;Street;STORE-107;784 Spring Pl;1-633-279-8140;Dewas;Madhya Pradesh;India;FUR-CH-4560;Furniture;Chairs;Harbour Creations Steel Folding Chair, Set of Two;TransGlobal Partners;$100,14;1;0;$35,04;17,58;High;EMP-6286;Cansu;Peynirci;Cansu Peynirci@store.com;1-246-400-1478;Offline
279;ERP-0000279;18.08.2024;17.08.2024;SW-1075529;Steven;Ward;1-642-394-9945;Corporate;;Abidjan;Lagunes;Cote d'Ivoire;Western Africa;Africa;Outlet;STORE-198;599 View Ln;1-477-288-5321;Agra;Uttar Pradesh;India;FUR-CH-4558;Furniture;Chairs;Harbour Creations Steel Folding Chair, Black;EastBridge Commerce;$190,92;2;0;$30,54;34,96;High;EMP-9774;Andile;Ihejirika;Andile Ihejirika@store.com;1-234-545-4839;Offline
280;ERP-0000280;10.10.2024;30.09.2024;SW-1075529;Steven;Ward;1-642-394-9945;Corporate;;Abidjan;Lagunes;Cote d'Ivoire;Western Africa;Africa;Street;STORE-002;26 Forest Dr;1-946-957-7067;Surat;Gujarat;India;FUR-FU-3946;Furniture;Furnishings;Deflect-O Light Bulb, Black;NordicSupply AB;$37,98;2;0;$13,62;6,65;High;EMP-6301;Nora;Cuijper;Nora Cuijper@store.com;1-688-334-8855;Offline
281;ERP-0000281;10.09.2024;03.09.2024;SW-1075529;Steven;Ward;1-642-394-9945;Corporate;;Abidjan;Lagunes;Cote d'Ivoire;Western Africa;Africa;Outlet;STORE-075;641 High St;1-419-282-6051;Bunbury;Western Australia;Australia;OFF-ST-4063;Office Supplies;Storage;Eldon Folders, Wire Frame;SkyWay Trading;$16,05;1;0;$1,59;2,16;High;EMP-1878;Kauri;Anaru;Kauri Anaru@store.com;1-205-390-3907;Offline
282;ERP-0000282;22.09.2024;15.09.2024;SW-1075529;Steven;Ward;1-642-394-9945;Corporate;;Abidjan;Lagunes;Cote d'Ivoire;Western Africa;Africa;Street;STORE-060;700 View St;1-451-306-4698;Xiamen;Fujian;China;OFF-FA-6184;Office Supplies;Fasteners;Stockwell Clamps, 12 Pack;NordicSupply AB;$18,66;1;0;$8,94;3,51;High;EMP-6331;Nicodemo;Bautista;Nicodemo Bautista@store.com;1-241-830-1625;Offline
283;ERP-0000283;23.08.2024;18.08.2024;SW-1075529;Steven;Ward;1-642-394-9945;Corporate;;Abidjan;Lagunes;Cote d'Ivoire;Western Africa;Africa;Outlet;STORE-299;697 Maple St;1-987-241-4718;Amritsar;Punjab;India;OFF-SU-4983;Office Supplies;Supplies;Kleencut Ruler, Serrated;NordicSupply AB;$41,04;4;0;$10,20;4,85;High;EMP-1245;Preecha;Metharom;Preecha Metharom@store.com;1-946-346-4130;Offline
284;ERP-0000284;01.09.2024;22.08.2024;SW-1075529;Steven;Ward;1-642-394-9945;Corporate;;Abidjan;Lagunes;Cote d'Ivoire;Western Africa;Africa;Street;STORE-179;712 Park Rd;1-818-424-8587;Lahore;Punjab;Pakistan;OFF-PA-4144;Office Supplies;Paper;Enermax Cards & Envelopes, Multicolor;EuroImport GmbH;$48,51;1;0;$6,78;2,21;High;EMP-9072;Lon;Bonher;Lon Bonher@store.com;1-865-387-8969;Offline
285;ERP-0000285;24.07.2024;16.07.2024;AM-36095;Alice;McCarthy;1-957-224-5066;Corporate;;Maiduguri;Borno;Nigeria;Western Africa;Africa;Street;STORE-055;58 Pine Pl;1-760-970-3569;Nantes;Pays de la Loire;France;TEC-CO-5997;Technology;Copiers;Sharp Fax Machine, Color;GlobalSupply Ltd;$89,13;1;0,7;-$184,20;18,35;Medium;EMP-7297;Hadia;Bousaid;Hadia Bousaid@store.com;1-960-804-2825;Offline
286;ERP-0000286;19.10.2024;14.10.2024;RD-948049;Rick;Duston;1-558-57-7447;Consumer;;Kumasi;Ashanti;Ghana;Western Africa;Africa;Mall;STORE-024;445 Cedar St;1-666-589-5082;Kaifeng;Henan;China;OFF-EN-3100;Office Supplies;Envelopes;Ames Mailers, Recycled;UrbanGoods Co;$34,65;1;0;$0,69;2,69;Medium;EMP-2278;Dolores;Davis;Dolores Davis@store.com;1-323-152-4578;Offline
287;ERP-0000287;17.03.2025;16.03.2025;TC-1098095;Tamara;Chand;1-496-571-4269;Corporate;;Aba;Abia;Nigeria;Western Africa;Africa;Mall;STORE-146;891 Pine Rd;1-283-846-2870;Broken Hill;New South Wales;Australia;OFF-BI-3189;Office Supplies;Binders;Avery 3-Hole Punch, Recycled;TransGlobal Partners;$8,47;1;0,7;-$19,76;1,71;High;EMP-3389;Dolores;Davis;Dolores Davis@store.com;1-328-708-1676;Offline
288;ERP-0000288;25.04.2025;15.04.2025;TC-1098095;Tamara;Chand;1-496-571-4269;Corporate;;Aba;Abia;Nigeria;Western Africa;Africa;Outlet;STORE-166;443 Park Rd;1-559-506-3027;Aurangabad;Bihar;India;OFF-SU-4138;Office Supplies;Supplies;Elite Trimmer, Steel;AsiaTrade Group;$73,93;6;0,7;-$51,89;13,98;High;EMP-2074;Miina;Nylund;Miina Nylund@store.com;1-723-596-7318;Offline
289;ERP-0000289;18.04.2025;10.04.2025;TC-1098095;Tamara;Chand;1-496-571-4269;Corporate;;Aba;Abia;Nigeria;Western Africa;Africa;Outlet;STORE-222;165 Maple Ct;1-347-952-2757;Ho Chi Minh City;Ho Chí Minh City;Vietnam;OFF-AR-6128;Office Supplies;Art;Stanley Sketch Pad, Water Color;BlueOcean Supply;$14,28;1;0,7;-$24,30;2,11;High;EMP-9914;Lon;Bonher;Lon Bonher@store.com;1-866-191-4127;Offline
290;ERP-0000290;02.03.2025;25.02.2025;TC-1098095;Tamara;Chand;1-496-571-4269;Corporate;;Aba;Abia;Nigeria;Western Africa;Africa;Mall;STORE-296;343 Brook St;1-639-251-8312;Linyi;Shandong;China;OFF-FA-6187;Office Supplies;Fasteners;Stockwell Clamps, Metal;WestLine Imports;$5,69;1;0,7;-$12,91;1,89;High;EMP-3716;Gilbert;Wolff;Gilbert Wolff@store.com;1-452-887-3135;Offline
291;ERP-0000291;17.03.2025;11.03.2025;TC-1098095;Tamara;Chand;1-496-571-4269;Corporate;;Aba;Abia;Nigeria;Western Africa;Africa;Street;STORE-052;55 High Blvd;1-468-199-9093;Hirakata;Osaka;Japan;TEC-PH-3807;Technology;Phones;Cisco Smart Phone, with Caller ID;Universal Trade Co;$196,27;1;0,7;-$170,12;30,21;High;EMP-1923;Lynne;Marchand;Lynne Marchand@store.com;1-202-524-5194;Offline
292;ERP-0000292;05.05.2025;04.05.2025;TC-1098095;Tamara;Chand;1-496-571-4269;Corporate;;Aba;Abia;Nigeria;Western Africa;Africa;Street;STORE-190;276 North Blvd;1-681-989-2945;Siping;Jilin;China;OFF-BI-4805;Office Supplies;Binders;Ibico 3-Hole Punch, Economy;WestLine Imports;$18,27;2;0,7;-$12,21;4,17;High;EMP-5362;Lynne;Marchand;Lynne Marchand@store.com;1-359-268-9955;Offline
293;ERP-0000293;31.03.2025;24.03.2025;TC-1098095;Tamara;Chand;1-496-571-4269;Corporate;;Aba;Abia;Nigeria;Western Africa;Africa;Mall;STORE-083;387 Spring Ln;1-272-794-3314;Barcelona;Catalonia;Spain;OFF-AR-3528;Office Supplies;Art;Boston Canvas, Water Color;UrbanGoods Co;$17,05;1;0,7;-$31,25;1,12;High;EMP-6549;Lynne;Marchand;Lynne Marchand@store.com;1-967-487-8039;Offline
294;ERP-0000294;02.05.2025;01.05.2025;TC-1098095;Tamara;Chand;1-496-571-4269;Corporate;;Aba;Abia;Nigeria;Western Africa;Africa;Outlet;STORE-075;641 High St;1-419-282-6051;Bunbury;Western Australia;Australia;FUR-CH-4701;Furniture;Chairs;Hon Swivel Stool, Adjustable;CrossBorder Supply;$49,84;1;0,7;-$94,73;4,05;High;EMP-8368;Miina;Nylund;Miina Nylund@store.com;1-392-797-3545;Offline
295;ERP-0000295;30.03.2025;28.03.2025;TC-1098095;Tamara;Chand;1-496-571-4269;Corporate;;Aba;Abia;Nigeria;Western Africa;Africa;Outlet;STORE-198;599 View Ln;1-477-288-5321;Agra;Uttar Pradesh;India;FUR-BO-3893;Furniture;Bookcases;Dania Corner Shelving, Metal;Pacific Traders;$36,46;1;0,7;-$27,98;8,3;High;EMP-3271;Angela;Jephson;Angela Jephson@store.com;1-409-750-3714;Offline
296;ERP-0000296;06.03.2025;28.02.2025;TC-1098095;Tamara;Chand;1-496-571-4269;Corporate;;Aba;Abia;Nigeria;Western Africa;Africa;Street;STORE-293;609 Pine St;1-386-955-1271;Valencia;Northern Mindanao;Philippines;TEC-CO-6005;Technology;Copiers;Sharp Personal Copier, Color;Universal Trade Co;$36,43;1;0,7;-$52,25;7,67;High;EMP-1029;Andile;Ihejirika;Andile Ihejirika@store.com;1-367-720-2416;Offline
297;ERP-0000297;13.03.2025;06.03.2025;TC-1098095;Tamara;Chand;1-496-571-4269;Corporate;;Aba;Abia;Nigeria;Western Africa;Africa;Mall;STORE-028;812 Forest Ln;1-338-439-4885;Chaozhou;Guangdong;China;OFF-SU-2980;Office Supplies;Supplies;Acme Letter Opener, Steel;CrossBorder Supply;$8,88;1;0,7;-$8,61;1,57;High;EMP-2207;Gilbert;Wolff;Gilbert Wolff@store.com;1-912-814-2747;Offline
298;ERP-0000298;27.02.2025;25.02.2025;TC-1098095;Tamara;Chand;1-496-571-4269;Corporate;;Aba;Abia;Nigeria;Western Africa;Africa;Street;STORE-123;402 South Ln;1-567-784-2977;Saint-Priest;Auvergne-Rhône-Alpes;France;OFF-FA-6189;Office Supplies;Fasteners;Stockwell Paper Clips, Assorted Sizes;InnovaSupply;$6,57;2;0,7;-$6,81;1,88;High;EMP-7761;Preecha;Metharom;Preecha Metharom@store.com;1-642-356-3203;Offline
299;ERP-0000299;16.03.2025;07.03.2025;TC-1098095;Tamara;Chand;1-496-571-4269;Corporate;;Aba;Abia;Nigeria;Western Africa;Africa;Mall;STORE-266;555 Lake Ln;1-240-743-2549;Coimbatore;Tamil Nadu;India;FUR-CH-4633;Furniture;Chairs;Hon Chairmat, Set of Two;SmartLogistics Ltd;$17,33;1;0,7;-$27,76;3,27;High;EMP-3279;Nicodemo;Bautista;Nicodemo Bautista@store.com;1-715-340-1689;Offline
300;ERP-0000300;23.01.2025;14.01.2025;SG-1047029;Sheri;Gordon;1-493-410-2940;Consumer;;Laayoune;Laayoune;Western Sahara;Western Africa;Africa;Street;STORE-151;44 High Rd;1-973-798-7678;Shangzhi;Heilongjiang;China;FUR-BO-3893;Furniture;Bookcases;Dania Corner Shelving, Metal;Pacific Traders;$243,06;2;0;$114,18;26,85;Medium;EMP-1773;Andile;Ihejirika;Andile Ihejirika@store.com;1-919-783-5878;Offline
